DATE,WEEKDAY,DAY,EVENT,YEAR,MONTH
2011-01-29,Saturday,d 1,,2011,1
2011-01-30,Sunday,d 2,,2011,1
2011-01-31,Monday,d 3,,2011,1
2011-02-01,Tuesday,d 4,,2011,2
2011-02-02,Wednesday,d 5,,2011,2
2011-02-03,Thursday,d 6,,2011,2
2011-02-04,Friday,d 7,,2011,2
2011-02-05,Saturday,d 8,,2011,2
2011-02-06,Sunday,d 9,SuperBowl,2011,2
2011-02-07,Monday,d 10,,2011,2
2011-02-08,Tuesday,d 11,,2011,2
2011-02-09,Wednesday,d 12,,2011,2
2011-02-10,Thursday,d 13,,2011,2
2011-02-11,Friday,d 14,,2011,2
2011-02-12,Saturday,d 15,,2011,2
2011-02-13,Sunday,d 16,,2011,2
2011-02-14,Monday,d 17,,2011,2
2011-02-15,Tuesday,d 18,,2011,2
2011-02-16,Wednesday,d 19,,2011,2
2011-02-17,Thursday,d 20,,2011,2
2011-02-18,Friday,d 21,,2011,2
2011-02-19,Saturday,d 22,,2011,2
2011-02-20,Sunday,d 23,,2011,2
2011-02-21,Monday,d 24,,2011,2
2011-02-22,Tuesday,d 25,,2011,2
2011-02-23,Wednesday,d 26,,2011,2
2011-02-24,Thursday,d 27,,2011,2
2011-02-25,Friday,d 28,,2011,2
2011-02-26,Saturday,d 29,,2011,2
2011-02-27,Sunday,d 30,,2011,2
2011-02-28,Monday,d 31,,2011,2
2011-03-01,Tuesday,d 32,,2011,3
2011-03-02,Wednesday,d 33,,2011,3
2011-03-03,Thursday,d 34,,2011,3
2011-03-04,Friday,d 35,,2011,3
2011-03-05,Saturday,d 36,,2011,3
2011-03-06,Sunday,d 37,,2011,3
2011-03-07,Monday,d 38,,2011,3
2011-03-08,Tuesday,d 39,,2011,3
2011-03-09,Wednesday,d 40,,2011,3
2011-03-10,Thursday,d 41,,2011,3
2011-03-11,Friday,d 42,,2011,3
2011-03-12,Saturday,d 43,,2011,3
2011-03-13,Sunday,d 44,,2011,3
2011-03-14,Monday,d 45,,2011,3
2011-03-15,Tuesday,d 46,,2011,3
2011-03-16,Wednesday,d 47,,2011,3
2011-03-17,Thursday,d 48,,2011,3
2011-03-18,Friday,d 49,,2011,3
2011-03-19,Saturday,d 50,,2011,3
2011-03-20,Sunday,d 51,,2011,3
2011-03-21,Monday,d 52,,2011,3
2011-03-22,Tuesday,d 53,,2011,3
2011-03-23,Wednesday,d 54,,2011,3
2011-03-24,Thursday,d 55,,2011,3
2011-03-25,Friday,d 56,,2011,3
2011-03-26,Saturday,d 57,,2011,3
2011-03-27,Sunday,d 58,,2011,3
2011-03-28,Monday,d 59,,2011,3
2011-03-29,Tuesday,d 60,,2011,3
2011-03-30,Wednesday,d 61,,2011,3
2011-03-31,Thursday,d 62,,2011,3
2011-04-01,Friday,d 63,,2011,4
2011-04-02,Saturday,d 64,,2011,4
2011-04-03,Sunday,d 65,,2011,4
2011-04-04,Monday,d 66,,2011,4
2011-04-05,Tuesday,d 67,,2011,4
2011-04-06,Wednesday,d 68,,2011,4
2011-04-07,Thursday,d 69,,2011,4
2011-04-08,Friday,d 70,,2011,4
2011-04-09,Saturday,d 71,,2011,4
2011-04-10,Sunday,d 72,,2011,4
2011-04-11,Monday,d 73,,2011,4
2011-04-12,Tuesday,d 74,,2011,4
2011-04-13,Wednesday,d 75,,2011,4
2011-04-14,Thursday,d 76,,2011,4
2011-04-15,Friday,d 77,,2011,4
2011-04-16,Saturday,d 78,,2011,4
2011-04-17,Sunday,d 79,,2011,4
2011-04-18,Monday,d 80,,2011,4
2011-04-19,Tuesday,d 81,,2011,4
2011-04-20,Wednesday,d 82,,2011,4
2011-04-21,Thursday,d 83,,2011,4
2011-04-22,Friday,d 84,,2011,4
2011-04-23,Saturday,d 85,,2011,4
2011-04-24,Sunday,d 86,,2011,4
2011-04-25,Monday,d 87,,2011,4
2011-04-26,Tuesday,d 88,,2011,4
2011-04-27,Wednesday,d 89,,2011,4
2011-04-28,Thursday,d 90,,2011,4
2011-04-29,Friday,d 91,,2011,4
2011-04-30,Saturday,d 92,,2011,4
2011-05-01,Sunday,d 93,,2011,5
2011-05-02,Monday,d 94,,2011,5
2011-05-03,Tuesday,d 95,,2011,5
2011-05-04,Wednesday,d 96,,2011,5
2011-05-05,Thursday,d 97,,2011,5
2011-05-06,Friday,d 98,,2011,5
2011-05-07,Saturday,d 99,,2011,5
2011-05-08,Sunday,d 100,,2011,5
2011-05-09,Monday,d 101,,2011,5
2011-05-10,Tuesday,d 102,,2011,5
2011-05-11,Wednesday,d 103,,2011,5
2011-05-12,Thursday,d 104,,2011,5
2011-05-13,Friday,d 105,,2011,5
2011-05-14,Saturday,d 106,,2011,5
2011-05-15,Sunday,d 107,,2011,5
2011-05-16,Monday,d 108,,2011,5
2011-05-17,Tuesday,d 109,,2011,5
2011-05-18,Wednesday,d 110,,2011,5
2011-05-19,Thursday,d 111,,2011,5
2011-05-20,Friday,d 112,,2011,5
2011-05-21,Saturday,d 113,,2011,5
2011-05-22,Sunday,d 114,,2011,5
2011-05-23,Monday,d 115,,2011,5
2011-05-24,Tuesday,d 116,,2011,5
2011-05-25,Wednesday,d 117,,2011,5
2011-05-26,Thursday,d 118,,2011,5
2011-05-27,Friday,d 119,,2011,5
2011-05-28,Saturday,d 120,,2011,5
2011-05-29,Sunday,d 121,,2011,5
2011-05-30,Monday,d 122,,2011,5
2011-05-31,Tuesday,d 123,,2011,5
2011-06-01,Wednesday,d 124,,2011,6
2011-06-02,Thursday,d 125,,2011,6
2011-06-03,Friday,d 126,,2011,6
2011-06-04,Saturday,d 127,,2011,6
2011-06-05,Sunday,d 128,,2011,6
2011-06-06,Monday,d 129,,2011,6
2011-06-07,Tuesday,d 130,,2011,6
2011-06-08,Wednesday,d 131,,2011,6
2011-06-09,Thursday,d 132,,2011,6
2011-06-10,Friday,d 133,,2011,6
2011-06-11,Saturday,d 134,,2011,6
2011-06-12,Sunday,d 135,,2011,6
2011-06-13,Monday,d 136,,2011,6
2011-06-14,Tuesday,d 137,,2011,6
2011-06-15,Wednesday,d 138,,2011,6
2011-06-16,Thursday,d 139,,2011,6
2011-06-17,Friday,d 140,,2011,6
2011-06-18,Saturday,d 141,,2011,6
2011-06-19,Sunday,d 142,,2011,6
2011-06-20,Monday,d 143,,2011,6
2011-06-21,Tuesday,d 144,,2011,6
2011-06-22,Wednesday,d 145,,2011,6
2011-06-23,Thursday,d 146,,2011,6
2011-06-24,Friday,d 147,,2011,6
2011-06-25,Saturday,d 148,,2011,6
2011-06-26,Sunday,d 149,,2011,6
2011-06-27,Monday,d 150,,2011,6
2011-06-28,Tuesday,d 151,,2011,6
2011-06-29,Wednesday,d 152,,2011,6
2011-06-30,Thursday,d 153,,2011,6
2011-07-01,Friday,d 154,,2011,7
2011-07-02,Saturday,d 155,,2011,7
2011-07-03,Sunday,d 156,,2011,7
2011-07-04,Monday,d 157,,2011,7
2011-07-05,Tuesday,d 158,,2011,7
2011-07-06,Wednesday,d 159,,2011,7
2011-07-07,Thursday,d 160,,2011,7
2011-07-08,Friday,d 161,,2011,7
2011-07-09,Saturday,d 162,,2011,7
2011-07-10,Sunday,d 163,,2011,7
2011-07-11,Monday,d 164,,2011,7
2011-07-12,Tuesday,d 165,,2011,7
2011-07-13,Wednesday,d 166,,2011,7
2011-07-14,Thursday,d 167,,2011,7
2011-07-15,Friday,d 168,,2011,7
2011-07-16,Saturday,d 169,,2011,7
2011-07-17,Sunday,d 170,,2011,7
2011-07-18,Monday,d 171,,2011,7
2011-07-19,Tuesday,d 172,,2011,7
2011-07-20,Wednesday,d 173,,2011,7
2011-07-21,Thursday,d 174,,2011,7
2011-07-22,Friday,d 175,,2011,7
2011-07-23,Saturday,d 176,,2011,7
2011-07-24,Sunday,d 177,,2011,7
2011-07-25,Monday,d 178,,2011,7
2011-07-26,Tuesday,d 179,,2011,7
2011-07-27,Wednesday,d 180,,2011,7
2011-07-28,Thursday,d 181,,2011,7
2011-07-29,Friday,d 182,,2011,7
2011-07-30,Saturday,d 183,,2011,7
2011-07-31,Sunday,d 184,,2011,7
2011-08-01,Monday,d 185,Ramadan starts,2011,8
2011-08-02,Tuesday,d 186,,2011,8
2011-08-03,Wednesday,d 187,,2011,8
2011-08-04,Thursday,d 188,,2011,8
2011-08-05,Friday,d 189,,2011,8
2011-08-06,Saturday,d 190,,2011,8
2011-08-07,Sunday,d 191,,2011,8
2011-08-08,Monday,d 192,,2011,8
2011-08-09,Tuesday,d 193,,2011,8
2011-08-10,Wednesday,d 194,,2011,8
2011-08-11,Thursday,d 195,,2011,8
2011-08-12,Friday,d 196,,2011,8
2011-08-13,Saturday,d 197,,2011,8
2011-08-14,Sunday,d 198,,2011,8
2011-08-15,Monday,d 199,,2011,8
2011-08-16,Tuesday,d 200,,2011,8
2011-08-17,Wednesday,d 201,,2011,8
2011-08-18,Thursday,d 202,,2011,8
2011-08-19,Friday,d 203,,2011,8
2011-08-20,Saturday,d 204,,2011,8
2011-08-21,Sunday,d 205,,2011,8
2011-08-22,Monday,d 206,,2011,8
2011-08-23,Tuesday,d 207,,2011,8
2011-08-24,Wednesday,d 208,,2011,8
2011-08-25,Thursday,d 209,,2011,8
2011-08-26,Friday,d 210,,2011,8
2011-08-27,Saturday,d 211,,2011,8
2011-08-28,Sunday,d 212,,2011,8
2011-08-29,Monday,d 213,,2011,8
2011-08-30,Tuesday,d 214,,2011,8
2011-08-31,Wednesday,d 215,,2011,8
2011-09-01,Thursday,d 216,,2011,9
2011-09-02,Friday,d 217,,2011,9
2011-09-03,Saturday,d 218,,2011,9
2011-09-04,Sunday,d 219,,2011,9
2011-09-05,Monday,d 220,,2011,9
2011-09-06,Tuesday,d 221,,2011,9
2011-09-07,Wednesday,d 222,,2011,9
2011-09-08,Thursday,d 223,,2011,9
2011-09-09,Friday,d 224,,2011,9
2011-09-10,Saturday,d 225,,2011,9
2011-09-11,Sunday,d 226,,2011,9
2011-09-12,Monday,d 227,,2011,9
2011-09-13,Tuesday,d 228,,2011,9
2011-09-14,Wednesday,d 229,,2011,9
2011-09-15,Thursday,d 230,,2011,9
2011-09-16,Friday,d 231,,2011,9
2011-09-17,Saturday,d 232,,2011,9
2011-09-18,Sunday,d 233,,2011,9
2011-09-19,Monday,d 234,,2011,9
2011-09-20,Tuesday,d 235,,2011,9
2011-09-21,Wednesday,d 236,,2011,9
2011-09-22,Thursday,d 237,,2011,9
2011-09-23,Friday,d 238,,2011,9
2011-09-24,Saturday,d 239,,2011,9
2011-09-25,Sunday,d 240,,2011,9
2011-09-26,Monday,d 241,,2011,9
2011-09-27,Tuesday,d 242,,2011,9
2011-09-28,Wednesday,d 243,,2011,9
2011-09-29,Thursday,d 244,,2011,9
2011-09-30,Friday,d 245,,2011,9
2011-10-01,Saturday,d 246,,2011,10
2011-10-02,Sunday,d 247,,2011,10
2011-10-03,Monday,d 248,,2011,10
2011-10-04,Tuesday,d 249,,2011,10
2011-10-05,Wednesday,d 250,,2011,10
2011-10-06,Thursday,d 251,,2011,10
2011-10-07,Friday,d 252,,2011,10
2011-10-08,Saturday,d 253,,2011,10
2011-10-09,Sunday,d 254,,2011,10
2011-10-10,Monday,d 255,,2011,10
2011-10-11,Tuesday,d 256,,2011,10
2011-10-12,Wednesday,d 257,,2011,10
2011-10-13,Thursday,d 258,,2011,10
2011-10-14,Friday,d 259,,2011,10
2011-10-15,Saturday,d 260,,2011,10
2011-10-16,Sunday,d 261,,2011,10
2011-10-17,Monday,d 262,,2011,10
2011-10-18,Tuesday,d 263,,2011,10
2011-10-19,Wednesday,d 264,,2011,10
2011-10-20,Thursday,d 265,,2011,10
2011-10-21,Friday,d 266,,2011,10
2011-10-22,Saturday,d 267,,2011,10
2011-10-23,Sunday,d 268,,2011,10
2011-10-24,Monday,d 269,,2011,10
2011-10-25,Tuesday,d 270,,2011,10
2011-10-26,Wednesday,d 271,,2011,10
2011-10-27,Thursday,d 272,,2011,10
2011-10-28,Friday,d 273,,2011,10
2011-10-29,Saturday,d 274,,2011,10
2011-10-30,Sunday,d 275,,2011,10
2011-10-31,Monday,d 276,,2011,10
2011-11-01,Tuesday,d 277,,2011,11
2011-11-02,Wednesday,d 278,,2011,11
2011-11-03,Thursday,d 279,,2011,11
2011-11-04,Friday,d 280,,2011,11
2011-11-05,Saturday,d 281,,2011,11
2011-11-06,Sunday,d 282,,2011,11
2011-11-07,Monday,d 283,,2011,11
2011-11-08,Tuesday,d 284,,2011,11
2011-11-09,Wednesday,d 285,,2011,11
2011-11-10,Thursday,d 286,,2011,11
2011-11-11,Friday,d 287,,2011,11
2011-11-12,Saturday,d 288,,2011,11
2011-11-13,Sunday,d 289,,2011,11
2011-11-14,Monday,d 290,,2011,11
2011-11-15,Tuesday,d 291,,2011,11
2011-11-16,Wednesday,d 292,,2011,11
2011-11-17,Thursday,d 293,,2011,11
2011-11-18,Friday,d 294,,2011,11
2011-11-19,Saturday,d 295,,2011,11
2011-11-20,Sunday,d 296,,2011,11
2011-11-21,Monday,d 297,,2011,11
2011-11-22,Tuesday,d 298,,2011,11
2011-11-23,Wednesday,d 299,,2011,11
2011-11-24,Thursday,d 300,Thanksgiving,2011,11
2011-11-25,Friday,d 301,,2011,11
2011-11-26,Saturday,d 302,,2011,11
2011-11-27,Sunday,d 303,,2011,11
2011-11-28,Monday,d 304,,2011,11
2011-11-29,Tuesday,d 305,,2011,11
2011-11-30,Wednesday,d 306,,2011,11
2011-12-01,Thursday,d 307,,2011,12
2011-12-02,Friday,d 308,,2011,12
2011-12-03,Saturday,d 309,,2011,12
2011-12-04,Sunday,d 310,,2011,12
2011-12-05,Monday,d 311,,2011,12
2011-12-06,Tuesday,d 312,,2011,12
2011-12-07,Wednesday,d 313,,2011,12
2011-12-08,Thursday,d 314,,2011,12
2011-12-09,Friday,d 315,,2011,12
2011-12-10,Saturday,d 316,,2011,12
2011-12-11,Sunday,d 317,,2011,12
2011-12-12,Monday,d 318,,2011,12
2011-12-13,Tuesday,d 319,,2011,12
2011-12-14,Wednesday,d 320,,2011,12
2011-12-15,Thursday,d 321,,2011,12
2011-12-16,Friday,d 322,,2011,12
2011-12-17,Saturday,d 323,,2011,12
2011-12-18,Sunday,d 324,,2011,12
2011-12-19,Monday,d 325,,2011,12
2011-12-20,Tuesday,d 326,,2011,12
2011-12-21,Wednesday,d 327,,2011,12
2011-12-22,Thursday,d 328,,2011,12
2011-12-23,Friday,d 329,,2011,12
2011-12-24,Saturday,d 330,,2011,12
2011-12-25,Sunday,d 331,Christmas,2011,12
2011-12-26,Monday,d 332,,2011,12
2011-12-27,Tuesday,d 333,,2011,12
2011-12-28,Wednesday,d 334,,2011,12
2011-12-29,Thursday,d 335,,2011,12
2011-12-30,Friday,d 336,,2011,12
2011-12-31,Saturday,d 337,,2011,12
2012-01-01,Sunday,d 338,NewYear,2012,1
2012-01-02,Monday,d 339,,2012,1
2012-01-03,Tuesday,d 340,,2012,1
2012-01-04,Wednesday,d 341,,2012,1
2012-01-05,Thursday,d 342,,2012,1
2012-01-06,Friday,d 343,,2012,1
2012-01-07,Saturday,d 344,,2012,1
2012-01-08,Sunday,d 345,,2012,1
2012-01-09,Monday,d 346,,2012,1
2012-01-10,Tuesday,d 347,,2012,1
2012-01-11,Wednesday,d 348,,2012,1
2012-01-12,Thursday,d 349,,2012,1
2012-01-13,Friday,d 350,,2012,1
2012-01-14,Saturday,d 351,,2012,1
2012-01-15,Sunday,d 352,,2012,1
2012-01-16,Monday,d 353,,2012,1
2012-01-17,Tuesday,d 354,,2012,1
2012-01-18,Wednesday,d 355,,2012,1
2012-01-19,Thursday,d 356,,2012,1
2012-01-20,Friday,d 357,,2012,1
2012-01-21,Saturday,d 358,,2012,1
2012-01-22,Sunday,d 359,,2012,1
2012-01-23,Monday,d 360,,2012,1
2012-01-24,Tuesday,d 361,,2012,1
2012-01-25,Wednesday,d 362,,2012,1
2012-01-26,Thursday,d 363,,2012,1
2012-01-27,Friday,d 364,,2012,1
2012-01-28,Saturday,d 365,,2012,1
2012-01-29,Sunday,d 366,,2012,1
2012-01-30,Monday,d 367,,2012,1
2012-01-31,Tuesday,d 368,,2012,1
2012-02-01,Wednesday,d 369,,2012,2
2012-02-02,Thursday,d 370,,2012,2
2012-02-03,Friday,d 371,,2012,2
2012-02-04,Saturday,d 372,,2012,2
2012-02-05,Sunday,d 373,SuperBowl,2012,2
2012-02-06,Monday,d 374,,2012,2
2012-02-07,Tuesday,d 375,,2012,2
2012-02-08,Wednesday,d 376,,2012,2
2012-02-09,Thursday,d 377,,2012,2
2012-02-10,Friday,d 378,,2012,2
2012-02-11,Saturday,d 379,,2012,2
2012-02-12,Sunday,d 380,,2012,2
2012-02-13,Monday,d 381,,2012,2
2012-02-14,Tuesday,d 382,,2012,2
2012-02-15,Wednesday,d 383,,2012,2
2012-02-16,Thursday,d 384,,2012,2
2012-02-17,Friday,d 385,,2012,2
2012-02-18,Saturday,d 386,,2012,2
2012-02-19,Sunday,d 387,,2012,2
2012-02-20,Monday,d 388,,2012,2
2012-02-21,Tuesday,d 389,,2012,2
2012-02-22,Wednesday,d 390,,2012,2
2012-02-23,Thursday,d 391,,2012,2
2012-02-24,Friday,d 392,,2012,2
2012-02-25,Saturday,d 393,,2012,2
2012-02-26,Sunday,d 394,,2012,2
2012-02-27,Monday,d 395,,2012,2
2012-02-28,Tuesday,d 396,,2012,2
2012-02-29,Wednesday,d 397,,2012,2
2012-03-01,Thursday,d 398,,2012,3
2012-03-02,Friday,d 399,,2012,3
2012-03-03,Saturday,d 400,,2012,3
2012-03-04,Sunday,d 401,,2012,3
2012-03-05,Monday,d 402,,2012,3
2012-03-06,Tuesday,d 403,,2012,3
2012-03-07,Wednesday,d 404,,2012,3
2012-03-08,Thursday,d 405,,2012,3
2012-03-09,Friday,d 406,,2012,3
2012-03-10,Saturday,d 407,,2012,3
2012-03-11,Sunday,d 408,,2012,3
2012-03-12,Monday,d 409,,2012,3
2012-03-13,Tuesday,d 410,,2012,3
2012-03-14,Wednesday,d 411,,2012,3
2012-03-15,Thursday,d 412,,2012,3
2012-03-16,Friday,d 413,,2012,3
2012-03-17,Saturday,d 414,,2012,3
2012-03-18,Sunday,d 415,,2012,3
2012-03-19,Monday,d 416,,2012,3
2012-03-20,Tuesday,d 417,,2012,3
2012-03-21,Wednesday,d 418,,2012,3
2012-03-22,Thursday,d 419,,2012,3
2012-03-23,Friday,d 420,,2012,3
2012-03-24,Saturday,d 421,,2012,3
2012-03-25,Sunday,d 422,,2012,3
2012-03-26,Monday,d 423,,2012,3
2012-03-27,Tuesday,d 424,,2012,3
2012-03-28,Wednesday,d 425,,2012,3
2012-03-29,Thursday,d 426,,2012,3
2012-03-30,Friday,d 427,,2012,3
2012-03-31,Saturday,d 428,,2012,3
2012-04-01,Sunday,d 429,,2012,4
2012-04-02,Monday,d 430,,2012,4
2012-04-03,Tuesday,d 431,,2012,4
2012-04-04,Wednesday,d 432,,2012,4
2012-04-05,Thursday,d 433,,2012,4
2012-04-06,Friday,d 434,,2012,4
2012-04-07,Saturday,d 435,,2012,4
2012-04-08,Sunday,d 436,Easter,2012,4
2012-04-09,Monday,d 437,,2012,4
2012-04-10,Tuesday,d 438,,2012,4
2012-04-11,Wednesday,d 439,,2012,4
2012-04-12,Thursday,d 440,,2012,4
2012-04-13,Friday,d 441,,2012,4
2012-04-14,Saturday,d 442,,2012,4
2012-04-15,Sunday,d 443,,2012,4
2012-04-16,Monday,d 444,,2012,4
2012-04-17,Tuesday,d 445,,2012,4
2012-04-18,Wednesday,d 446,,2012,4
2012-04-19,Thursday,d 447,,2012,4
2012-04-20,Friday,d 448,,2012,4
2012-04-21,Saturday,d 449,,2012,4
2012-04-22,Sunday,d 450,,2012,4
2012-04-23,Monday,d 451,,2012,4
2012-04-24,Tuesday,d 452,,2012,4
2012-04-25,Wednesday,d 453,,2012,4
2012-04-26,Thursday,d 454,,2012,4
2012-04-27,Friday,d 455,,2012,4
2012-04-28,Saturday,d 456,,2012,4
2012-04-29,Sunday,d 457,,2012,4
2012-04-30,Monday,d 458,,2012,4
2012-05-01,Tuesday,d 459,,2012,5
2012-05-02,Wednesday,d 460,,2012,5
2012-05-03,Thursday,d 461,,2012,5
2012-05-04,Friday,d 462,,2012,5
2012-05-05,Saturday,d 463,,2012,5
2012-05-06,Sunday,d 464,,2012,5
2012-05-07,Monday,d 465,,2012,5
2012-05-08,Tuesday,d 466,,2012,5
2012-05-09,Wednesday,d 467,,2012,5
2012-05-10,Thursday,d 468,,2012,5
2012-05-11,Friday,d 469,,2012,5
2012-05-12,Saturday,d 470,,2012,5
2012-05-13,Sunday,d 471,,2012,5
2012-05-14,Monday,d 472,,2012,5
2012-05-15,Tuesday,d 473,,2012,5
2012-05-16,Wednesday,d 474,,2012,5
2012-05-17,Thursday,d 475,,2012,5
2012-05-18,Friday,d 476,,2012,5
2012-05-19,Saturday,d 477,,2012,5
2012-05-20,Sunday,d 478,,2012,5
2012-05-21,Monday,d 479,,2012,5
2012-05-22,Tuesday,d 480,,2012,5
2012-05-23,Wednesday,d 481,,2012,5
2012-05-24,Thursday,d 482,,2012,5
2012-05-25,Friday,d 483,,2012,5
2012-05-26,Saturday,d 484,,2012,5
2012-05-27,Sunday,d 485,,2012,5
2012-05-28,Monday,d 486,,2012,5
2012-05-29,Tuesday,d 487,,2012,5
2012-05-30,Wednesday,d 488,,2012,5
2012-05-31,Thursday,d 489,,2012,5
2012-06-01,Friday,d 490,,2012,6
2012-06-02,Saturday,d 491,,2012,6
2012-06-03,Sunday,d 492,,2012,6
2012-06-04,Monday,d 493,,2012,6
2012-06-05,Tuesday,d 494,,2012,6
2012-06-06,Wednesday,d 495,,2012,6
2012-06-07,Thursday,d 496,,2012,6
2012-06-08,Friday,d 497,,2012,6
2012-06-09,Saturday,d 498,,2012,6
2012-06-10,Sunday,d 499,,2012,6
2012-06-11,Monday,d 500,,2012,6
2012-06-12,Tuesday,d 501,,2012,6
2012-06-13,Wednesday,d 502,,2012,6
2012-06-14,Thursday,d 503,,2012,6
2012-06-15,Friday,d 504,,2012,6
2012-06-16,Saturday,d 505,,2012,6
2012-06-17,Sunday,d 506,,2012,6
2012-06-18,Monday,d 507,,2012,6
2012-06-19,Tuesday,d 508,,2012,6
2012-06-20,Wednesday,d 509,,2012,6
2012-06-21,Thursday,d 510,,2012,6
2012-06-22,Friday,d 511,,2012,6
2012-06-23,Saturday,d 512,,2012,6
2012-06-24,Sunday,d 513,,2012,6
2012-06-25,Monday,d 514,,2012,6
2012-06-26,Tuesday,d 515,,2012,6
2012-06-27,Wednesday,d 516,,2012,6
2012-06-28,Thursday,d 517,,2012,6
2012-06-29,Friday,d 518,,2012,6
2012-06-30,Saturday,d 519,,2012,6
2012-07-01,Sunday,d 520,,2012,7
2012-07-02,Monday,d 521,,2012,7
2012-07-03,Tuesday,d 522,,2012,7
2012-07-04,Wednesday,d 523,,2012,7
2012-07-05,Thursday,d 524,,2012,7
2012-07-06,Friday,d 525,,2012,7
2012-07-07,Saturday,d 526,,2012,7
2012-07-08,Sunday,d 527,,2012,7
2012-07-09,Monday,d 528,,2012,7
2012-07-10,Tuesday,d 529,,2012,7
2012-07-11,Wednesday,d 530,,2012,7
2012-07-12,Thursday,d 531,,2012,7
2012-07-13,Friday,d 532,,2012,7
2012-07-14,Saturday,d 533,,2012,7
2012-07-15,Sunday,d 534,,2012,7
2012-07-16,Monday,d 535,,2012,7
2012-07-17,Tuesday,d 536,,2012,7
2012-07-18,Wednesday,d 537,,2012,7
2012-07-19,Thursday,d 538,,2012,7
2012-07-20,Friday,d 539,Ramadan starts,2012,7
2012-07-21,Saturday,d 540,,2012,7
2012-07-22,Sunday,d 541,,2012,7
2012-07-23,Monday,d 542,,2012,7
2012-07-24,Tuesday,d 543,,2012,7
2012-07-25,Wednesday,d 544,,2012,7
2012-07-26,Thursday,d 545,,2012,7
2012-07-27,Friday,d 546,,2012,7
2012-07-28,Saturday,d 547,,2012,7
2012-07-29,Sunday,d 548,,2012,7
2012-07-30,Monday,d 549,,2012,7
2012-07-31,Tuesday,d 550,,2012,7
2012-08-01,Wednesday,d 551,,2012,8
2012-08-02,Thursday,d 552,,2012,8
2012-08-03,Friday,d 553,,2012,8
2012-08-04,Saturday,d 554,,2012,8
2012-08-05,Sunday,d 555,,2012,8
2012-08-06,Monday,d 556,,2012,8
2012-08-07,Tuesday,d 557,,2012,8
2012-08-08,Wednesday,d 558,,2012,8
2012-08-09,Thursday,d 559,,2012,8
2012-08-10,Friday,d 560,,2012,8
2012-08-11,Saturday,d 561,,2012,8
2012-08-12,Sunday,d 562,,2012,8
2012-08-13,Monday,d 563,,2012,8
2012-08-14,Tuesday,d 564,,2012,8
2012-08-15,Wednesday,d 565,,2012,8
2012-08-16,Thursday,d 566,,2012,8
2012-08-17,Friday,d 567,,2012,8
2012-08-18,Saturday,d 568,,2012,8
2012-08-19,Sunday,d 569,,2012,8
2012-08-20,Monday,d 570,,2012,8
2012-08-21,Tuesday,d 571,,2012,8
2012-08-22,Wednesday,d 572,,2012,8
2012-08-23,Thursday,d 573,,2012,8
2012-08-24,Friday,d 574,,2012,8
2012-08-25,Saturday,d 575,,2012,8
2012-08-26,Sunday,d 576,,2012,8
2012-08-27,Monday,d 577,,2012,8
2012-08-28,Tuesday,d 578,,2012,8
2012-08-29,Wednesday,d 579,,2012,8
2012-08-30,Thursday,d 580,,2012,8
2012-08-31,Friday,d 581,,2012,8
2012-09-01,Saturday,d 582,,2012,9
2012-09-02,Sunday,d 583,,2012,9
2012-09-03,Monday,d 584,,2012,9
2012-09-04,Tuesday,d 585,,2012,9
2012-09-05,Wednesday,d 586,,2012,9
2012-09-06,Thursday,d 587,,2012,9
2012-09-07,Friday,d 588,,2012,9
2012-09-08,Saturday,d 589,,2012,9
2012-09-09,Sunday,d 590,,2012,9
2012-09-10,Monday,d 591,,2012,9
2012-09-11,Tuesday,d 592,,2012,9
2012-09-12,Wednesday,d 593,,2012,9
2012-09-13,Thursday,d 594,,2012,9
2012-09-14,Friday,d 595,,2012,9
2012-09-15,Saturday,d 596,,2012,9
2012-09-16,Sunday,d 597,,2012,9
2012-09-17,Monday,d 598,,2012,9
2012-09-18,Tuesday,d 599,,2012,9
2012-09-19,Wednesday,d 600,,2012,9
2012-09-20,Thursday,d 601,,2012,9
2012-09-21,Friday,d 602,,2012,9
2012-09-22,Saturday,d 603,,2012,9
2012-09-23,Sunday,d 604,,2012,9
2012-09-24,Monday,d 605,,2012,9
2012-09-25,Tuesday,d 606,,2012,9
2012-09-26,Wednesday,d 607,,2012,9
2012-09-27,Thursday,d 608,,2012,9
2012-09-28,Friday,d 609,,2012,9
2012-09-29,Saturday,d 610,,2012,9
2012-09-30,Sunday,d 611,,2012,9
2012-10-01,Monday,d 612,,2012,10
2012-10-02,Tuesday,d 613,,2012,10
2012-10-03,Wednesday,d 614,,2012,10
2012-10-04,Thursday,d 615,,2012,10
2012-10-05,Friday,d 616,,2012,10
2012-10-06,Saturday,d 617,,2012,10
2012-10-07,Sunday,d 618,,2012,10
2012-10-08,Monday,d 619,,2012,10
2012-10-09,Tuesday,d 620,,2012,10
2012-10-10,Wednesday,d 621,,2012,10
2012-10-11,Thursday,d 622,,2012,10
2012-10-12,Friday,d 623,,2012,10
2012-10-13,Saturday,d 624,,2012,10
2012-10-14,Sunday,d 625,,2012,10
2012-10-15,Monday,d 626,,2012,10
2012-10-16,Tuesday,d 627,,2012,10
2012-10-17,Wednesday,d 628,,2012,10
2012-10-18,Thursday,d 629,,2012,10
2012-10-19,Friday,d 630,,2012,10
2012-10-20,Saturday,d 631,,2012,10
2012-10-21,Sunday,d 632,,2012,10
2012-10-22,Monday,d 633,,2012,10
2012-10-23,Tuesday,d 634,,2012,10
2012-10-24,Wednesday,d 635,,2012,10
2012-10-25,Thursday,d 636,,2012,10
2012-10-26,Friday,d 637,,2012,10
2012-10-27,Saturday,d 638,,2012,10
2012-10-28,Sunday,d 639,,2012,10
2012-10-29,Monday,d 640,,2012,10
2012-10-30,Tuesday,d 641,,2012,10
2012-10-31,Wednesday,d 642,,2012,10
2012-11-01,Thursday,d 643,,2012,11
2012-11-02,Friday,d 644,,2012,11
2012-11-03,Saturday,d 645,,2012,11
2012-11-04,Sunday,d 646,,2012,11
2012-11-05,Monday,d 647,,2012,11
2012-11-06,Tuesday,d 648,,2012,11
2012-11-07,Wednesday,d 649,,2012,11
2012-11-08,Thursday,d 650,,2012,11
2012-11-09,Friday,d 651,,2012,11
2012-11-10,Saturday,d 652,,2012,11
2012-11-11,Sunday,d 653,,2012,11
2012-11-12,Monday,d 654,,2012,11
2012-11-13,Tuesday,d 655,,2012,11
2012-11-14,Wednesday,d 656,,2012,11
2012-11-15,Thursday,d 657,,2012,11
2012-11-16,Friday,d 658,,2012,11
2012-11-17,Saturday,d 659,,2012,11
2012-11-18,Sunday,d 660,,2012,11
2012-11-19,Monday,d 661,,2012,11
2012-11-20,Tuesday,d 662,,2012,11
2012-11-21,Wednesday,d 663,,2012,11
2012-11-22,Thursday,d 664,Thanksgiving,2012,11
2012-11-23,Friday,d 665,,2012,11
2012-11-24,Saturday,d 666,,2012,11
2012-11-25,Sunday,d 667,,2012,11
2012-11-26,Monday,d 668,,2012,11
2012-11-27,Tuesday,d 669,,2012,11
2012-11-28,Wednesday,d 670,,2012,11
2012-11-29,Thursday,d 671,,2012,11
2012-11-30,Friday,d 672,,2012,11
2012-12-01,Saturday,d 673,,2012,12
2012-12-02,Sunday,d 674,,2012,12
2012-12-03,Monday,d 675,,2012,12
2012-12-04,Tuesday,d 676,,2012,12
2012-12-05,Wednesday,d 677,,2012,12
2012-12-06,Thursday,d 678,,2012,12
2012-12-07,Friday,d 679,,2012,12
2012-12-08,Saturday,d 680,,2012,12
2012-12-09,Sunday,d 681,,2012,12
2012-12-10,Monday,d 682,,2012,12
2012-12-11,Tuesday,d 683,,2012,12
2012-12-12,Wednesday,d 684,,2012,12
2012-12-13,Thursday,d 685,,2012,12
2012-12-14,Friday,d 686,,2012,12
2012-12-15,Saturday,d 687,,2012,12
2012-12-16,Sunday,d 688,,2012,12
2012-12-17,Monday,d 689,,2012,12
2012-12-18,Tuesday,d 690,,2012,12
2012-12-19,Wednesday,d 691,,2012,12
2012-12-20,Thursday,d 692,,2012,12
2012-12-21,Friday,d 693,,2012,12
2012-12-22,Saturday,d 694,,2012,12
2012-12-23,Sunday,d 695,,2012,12
2012-12-24,Monday,d 696,,2012,12
2012-12-25,Tuesday,d 697,Christmas,2012,12
2012-12-26,Wednesday,d 698,,2012,12
2012-12-27,Thursday,d 699,,2012,12
2012-12-28,Friday,d 700,,2012,12
2012-12-29,Saturday,d 701,,2012,12
2012-12-30,Sunday,d 702,,2012,12
2012-12-31,Monday,d 703,,2012,12
2013-01-01,Tuesday,d 704,NewYear,2013,1
2013-01-02,Wednesday,d 705,,2013,1
2013-01-03,Thursday,d 706,,2013,1
2013-01-04,Friday,d 707,,2013,1
2013-01-05,Saturday,d 708,,2013,1
2013-01-06,Sunday,d 709,,2013,1
2013-01-07,Monday,d 710,,2013,1
2013-01-08,Tuesday,d 711,,2013,1
2013-01-09,Wednesday,d 712,,2013,1
2013-01-10,Thursday,d 713,,2013,1
2013-01-11,Friday,d 714,,2013,1
2013-01-12,Saturday,d 715,,2013,1
2013-01-13,Sunday,d 716,,2013,1
2013-01-14,Monday,d 717,,2013,1
2013-01-15,Tuesday,d 718,,2013,1
2013-01-16,Wednesday,d 719,,2013,1
2013-01-17,Thursday,d 720,,2013,1
2013-01-18,Friday,d 721,,2013,1
2013-01-19,Saturday,d 722,,2013,1
2013-01-20,Sunday,d 723,,2013,1
2013-01-21,Monday,d 724,,2013,1
2013-01-22,Tuesday,d 725,,2013,1
2013-01-23,Wednesday,d 726,,2013,1
2013-01-24,Thursday,d 727,,2013,1
2013-01-25,Friday,d 728,,2013,1
2013-01-26,Saturday,d 729,,2013,1
2013-01-27,Sunday,d 730,,2013,1
2013-01-28,Monday,d 731,,2013,1
2013-01-29,Tuesday,d 732,,2013,1
2013-01-30,Wednesday,d 733,,2013,1
2013-01-31,Thursday,d 734,,2013,1
2013-02-01,Friday,d 735,,2013,2
2013-02-02,Saturday,d 736,,2013,2
2013-02-03,Sunday,d 737,SuperBowl,2013,2
2013-02-04,Monday,d 738,,2013,2
2013-02-05,Tuesday,d 739,,2013,2
2013-02-06,Wednesday,d 740,,2013,2
2013-02-07,Thursday,d 741,,2013,2
2013-02-08,Friday,d 742,,2013,2
2013-02-09,Saturday,d 743,,2013,2
2013-02-10,Sunday,d 744,,2013,2
2013-02-11,Monday,d 745,,2013,2
2013-02-12,Tuesday,d 746,,2013,2
2013-02-13,Wednesday,d 747,,2013,2
2013-02-14,Thursday,d 748,,2013,2
2013-02-15,Friday,d 749,,2013,2
2013-02-16,Saturday,d 750,,2013,2
2013-02-17,Sunday,d 751,,2013,2
2013-02-18,Monday,d 752,,2013,2
2013-02-19,Tuesday,d 753,,2013,2
2013-02-20,Wednesday,d 754,,2013,2
2013-02-21,Thursday,d 755,,2013,2
2013-02-22,Friday,d 756,,2013,2
2013-02-23,Saturday,d 757,,2013,2
2013-02-24,Sunday,d 758,,2013,2
2013-02-25,Monday,d 759,,2013,2
2013-02-26,Tuesday,d 760,,2013,2
2013-02-27,Wednesday,d 761,,2013,2
2013-02-28,Thursday,d 762,,2013,2
2013-03-01,Friday,d 763,,2013,3
2013-03-02,Saturday,d 764,,2013,3
2013-03-03,Sunday,d 765,,2013,3
2013-03-04,Monday,d 766,,2013,3
2013-03-05,Tuesday,d 767,,2013,3
2013-03-06,Wednesday,d 768,,2013,3
2013-03-07,Thursday,d 769,,2013,3
2013-03-08,Friday,d 770,,2013,3
2013-03-09,Saturday,d 771,,2013,3
2013-03-10,Sunday,d 772,,2013,3
2013-03-11,Monday,d 773,,2013,3
2013-03-12,Tuesday,d 774,,2013,3
2013-03-13,Wednesday,d 775,,2013,3
2013-03-14,Thursday,d 776,,2013,3
2013-03-15,Friday,d 777,,2013,3
2013-03-16,Saturday,d 778,,2013,3
2013-03-17,Sunday,d 779,,2013,3
2013-03-18,Monday,d 780,,2013,3
2013-03-19,Tuesday,d 781,,2013,3
2013-03-20,Wednesday,d 782,,2013,3
2013-03-21,Thursday,d 783,,2013,3
2013-03-22,Friday,d 784,,2013,3
2013-03-23,Saturday,d 785,,2013,3
2013-03-24,Sunday,d 786,,2013,3
2013-03-25,Monday,d 787,,2013,3
2013-03-26,Tuesday,d 788,,2013,3
2013-03-27,Wednesday,d 789,,2013,3
2013-03-28,Thursday,d 790,,2013,3
2013-03-29,Friday,d 791,,2013,3
2013-03-30,Saturday,d 792,,2013,3
2013-03-31,Sunday,d 793,Easter,2013,3
2013-04-01,Monday,d 794,,2013,4
2013-04-02,Tuesday,d 795,,2013,4
2013-04-03,Wednesday,d 796,,2013,4
2013-04-04,Thursday,d 797,,2013,4
2013-04-05,Friday,d 798,,2013,4
2013-04-06,Saturday,d 799,,2013,4
2013-04-07,Sunday,d 800,,2013,4
2013-04-08,Monday,d 801,,2013,4
2013-04-09,Tuesday,d 802,,2013,4
2013-04-10,Wednesday,d 803,,2013,4
2013-04-11,Thursday,d 804,,2013,4
2013-04-12,Friday,d 805,,2013,4
2013-04-13,Saturday,d 806,,2013,4
2013-04-14,Sunday,d 807,,2013,4
2013-04-15,Monday,d 808,,2013,4
2013-04-16,Tuesday,d 809,,2013,4
2013-04-17,Wednesday,d 810,,2013,4
2013-04-18,Thursday,d 811,,2013,4
2013-04-19,Friday,d 812,,2013,4
2013-04-20,Saturday,d 813,,2013,4
2013-04-21,Sunday,d 814,,2013,4
2013-04-22,Monday,d 815,,2013,4
2013-04-23,Tuesday,d 816,,2013,4
2013-04-24,Wednesday,d 817,,2013,4
2013-04-25,Thursday,d 818,,2013,4
2013-04-26,Friday,d 819,,2013,4
2013-04-27,Saturday,d 820,,2013,4
2013-04-28,Sunday,d 821,,2013,4
2013-04-29,Monday,d 822,,2013,4
2013-04-30,Tuesday,d 823,,2013,4
2013-05-01,Wednesday,d 824,,2013,5
2013-05-02,Thursday,d 825,,2013,5
2013-05-03,Friday,d 826,,2013,5
2013-05-04,Saturday,d 827,,2013,5
2013-05-05,Sunday,d 828,,2013,5
2013-05-06,Monday,d 829,,2013,5
2013-05-07,Tuesday,d 830,,2013,5
2013-05-08,Wednesday,d 831,,2013,5
2013-05-09,Thursday,d 832,,2013,5
2013-05-10,Friday,d 833,,2013,5
2013-05-11,Saturday,d 834,,2013,5
2013-05-12,Sunday,d 835,,2013,5
2013-05-13,Monday,d 836,,2013,5
2013-05-14,Tuesday,d 837,,2013,5
2013-05-15,Wednesday,d 838,,2013,5
2013-05-16,Thursday,d 839,,2013,5
2013-05-17,Friday,d 840,,2013,5
2013-05-18,Saturday,d 841,,2013,5
2013-05-19,Sunday,d 842,,2013,5
2013-05-20,Monday,d 843,,2013,5
2013-05-21,Tuesday,d 844,,2013,5
2013-05-22,Wednesday,d 845,,2013,5
2013-05-23,Thursday,d 846,,2013,5
2013-05-24,Friday,d 847,,2013,5
2013-05-25,Saturday,d 848,,2013,5
2013-05-26,Sunday,d 849,,2013,5
2013-05-27,Monday,d 850,,2013,5
2013-05-28,Tuesday,d 851,,2013,5
2013-05-29,Wednesday,d 852,,2013,5
2013-05-30,Thursday,d 853,,2013,5
2013-05-31,Friday,d 854,,2013,5
2013-06-01,Saturday,d 855,,2013,6
2013-06-02,Sunday,d 856,,2013,6
2013-06-03,Monday,d 857,,2013,6
2013-06-04,Tuesday,d 858,,2013,6
2013-06-05,Wednesday,d 859,,2013,6
2013-06-06,Thursday,d 860,,2013,6
2013-06-07,Friday,d 861,,2013,6
2013-06-08,Saturday,d 862,,2013,6
2013-06-09,Sunday,d 863,,2013,6
2013-06-10,Monday,d 864,,2013,6
2013-06-11,Tuesday,d 865,,2013,6
2013-06-12,Wednesday,d 866,,2013,6
2013-06-13,Thursday,d 867,,2013,6
2013-06-14,Friday,d 868,,2013,6
2013-06-15,Saturday,d 869,,2013,6
2013-06-16,Sunday,d 870,,2013,6
2013-06-17,Monday,d 871,,2013,6
2013-06-18,Tuesday,d 872,,2013,6
2013-06-19,Wednesday,d 873,,2013,6
2013-06-20,Thursday,d 874,,2013,6
2013-06-21,Friday,d 875,,2013,6
2013-06-22,Saturday,d 876,,2013,6
2013-06-23,Sunday,d 877,,2013,6
2013-06-24,Monday,d 878,,2013,6
2013-06-25,Tuesday,d 879,,2013,6
2013-06-26,Wednesday,d 880,,2013,6
2013-06-27,Thursday,d 881,,2013,6
2013-06-28,Friday,d 882,,2013,6
2013-06-29,Saturday,d 883,,2013,6
2013-06-30,Sunday,d 884,,2013,6
2013-07-01,Monday,d 885,,2013,7
2013-07-02,Tuesday,d 886,,2013,7
2013-07-03,Wednesday,d 887,,2013,7
2013-07-04,Thursday,d 888,,2013,7
2013-07-05,Friday,d 889,,2013,7
2013-07-06,Saturday,d 890,,2013,7
2013-07-07,Sunday,d 891,,2013,7
2013-07-08,Monday,d 892,,2013,7
2013-07-09,Tuesday,d 893,Ramadan starts,2013,7
2013-07-10,Wednesday,d 894,,2013,7
2013-07-11,Thursday,d 895,,2013,7
2013-07-12,Friday,d 896,,2013,7
2013-07-13,Saturday,d 897,,2013,7
2013-07-14,Sunday,d 898,,2013,7
2013-07-15,Monday,d 899,,2013,7
2013-07-16,Tuesday,d 900,,2013,7
2013-07-17,Wednesday,d 901,,2013,7
2013-07-18,Thursday,d 902,,2013,7
2013-07-19,Friday,d 903,,2013,7
2013-07-20,Saturday,d 904,,2013,7
2013-07-21,Sunday,d 905,,2013,7
2013-07-22,Monday,d 906,,2013,7
2013-07-23,Tuesday,d 907,,2013,7
2013-07-24,Wednesday,d 908,,2013,7
2013-07-25,Thursday,d 909,,2013,7
2013-07-26,Friday,d 910,,2013,7
2013-07-27,Saturday,d 911,,2013,7
2013-07-28,Sunday,d 912,,2013,7
2013-07-29,Monday,d 913,,2013,7
2013-07-30,Tuesday,d 914,,2013,7
2013-07-31,Wednesday,d 915,,2013,7
2013-08-01,Thursday,d 916,,2013,8
2013-08-02,Friday,d 917,,2013,8
2013-08-03,Saturday,d 918,,2013,8
2013-08-04,Sunday,d 919,,2013,8
2013-08-05,Monday,d 920,,2013,8
2013-08-06,Tuesday,d 921,,2013,8
2013-08-07,Wednesday,d 922,,2013,8
2013-08-08,Thursday,d 923,,2013,8
2013-08-09,Friday,d 924,,2013,8
2013-08-10,Saturday,d 925,,2013,8
2013-08-11,Sunday,d 926,,2013,8
2013-08-12,Monday,d 927,,2013,8
2013-08-13,Tuesday,d 928,,2013,8
2013-08-14,Wednesday,d 929,,2013,8
2013-08-15,Thursday,d 930,,2013,8
2013-08-16,Friday,d 931,,2013,8
2013-08-17,Saturday,d 932,,2013,8
2013-08-18,Sunday,d 933,,2013,8
2013-08-19,Monday,d 934,,2013,8
2013-08-20,Tuesday,d 935,,2013,8
2013-08-21,Wednesday,d 936,,2013,8
2013-08-22,Thursday,d 937,,2013,8
2013-08-23,Friday,d 938,,2013,8
2013-08-24,Saturday,d 939,,2013,8
2013-08-25,Sunday,d 940,,2013,8
2013-08-26,Monday,d 941,,2013,8
2013-08-27,Tuesday,d 942,,2013,8
2013-08-28,Wednesday,d 943,,2013,8
2013-08-29,Thursday,d 944,,2013,8
2013-08-30,Friday,d 945,,2013,8
2013-08-31,Saturday,d 946,,2013,8
2013-09-01,Sunday,d 947,,2013,9
2013-09-02,Monday,d 948,,2013,9
2013-09-03,Tuesday,d 949,,2013,9
2013-09-04,Wednesday,d 950,,2013,9
2013-09-05,Thursday,d 951,,2013,9
2013-09-06,Friday,d 952,,2013,9
2013-09-07,Saturday,d 953,,2013,9
2013-09-08,Sunday,d 954,,2013,9
2013-09-09,Monday,d 955,,2013,9
2013-09-10,Tuesday,d 956,,2013,9
2013-09-11,Wednesday,d 957,,2013,9
2013-09-12,Thursday,d 958,,2013,9
2013-09-13,Friday,d 959,,2013,9
2013-09-14,Saturday,d 960,,2013,9
2013-09-15,Sunday,d 961,,2013,9
2013-09-16,Monday,d 962,,2013,9
2013-09-17,Tuesday,d 963,,2013,9
2013-09-18,Wednesday,d 964,,2013,9
2013-09-19,Thursday,d 965,,2013,9
2013-09-20,Friday,d 966,,2013,9
2013-09-21,Saturday,d 967,,2013,9
2013-09-22,Sunday,d 968,,2013,9
2013-09-23,Monday,d 969,,2013,9
2013-09-24,Tuesday,d 970,,2013,9
2013-09-25,Wednesday,d 971,,2013,9
2013-09-26,Thursday,d 972,,2013,9
2013-09-27,Friday,d 973,,2013,9
2013-09-28,Saturday,d 974,,2013,9
2013-09-29,Sunday,d 975,,2013,9
2013-09-30,Monday,d 976,,2013,9
2013-10-01,Tuesday,d 977,,2013,10
2013-10-02,Wednesday,d 978,,2013,10
2013-10-03,Thursday,d 979,,2013,10
2013-10-04,Friday,d 980,,2013,10
2013-10-05,Saturday,d 981,,2013,10
2013-10-06,Sunday,d 982,,2013,10
2013-10-07,Monday,d 983,,2013,10
2013-10-08,Tuesday,d 984,,2013,10
2013-10-09,Wednesday,d 985,,2013,10
2013-10-10,Thursday,d 986,,2013,10
2013-10-11,Friday,d 987,,2013,10
2013-10-12,Saturday,d 988,,2013,10
2013-10-13,Sunday,d 989,,2013,10
2013-10-14,Monday,d 990,,2013,10
2013-10-15,Tuesday,d 991,,2013,10
2013-10-16,Wednesday,d 992,,2013,10
2013-10-17,Thursday,d 993,,2013,10
2013-10-18,Friday,d 994,,2013,10
2013-10-19,Saturday,d 995,,2013,10
2013-10-20,Sunday,d 996,,2013,10
2013-10-21,Monday,d 997,,2013,10
2013-10-22,Tuesday,d 998,,2013,10
2013-10-23,Wednesday,d 999,,2013,10
2013-10-24,Thursday,d 1000,,2013,10
2013-10-25,Friday,d 1001,,2013,10
2013-10-26,Saturday,d 1002,,2013,10
2013-10-27,Sunday,d 1003,,2013,10
2013-10-28,Monday,d 1004,,2013,10
2013-10-29,Tuesday,d 1005,,2013,10
2013-10-30,Wednesday,d 1006,,2013,10
2013-10-31,Thursday,d 1007,,2013,10
2013-11-01,Friday,d 1008,,2013,11
2013-11-02,Saturday,d 1009,,2013,11
2013-11-03,Sunday,d 1010,,2013,11
2013-11-04,Monday,d 1011,,2013,11
2013-11-05,Tuesday,d 1012,,2013,11
2013-11-06,Wednesday,d 1013,,2013,11
2013-11-07,Thursday,d 1014,,2013,11
2013-11-08,Friday,d 1015,,2013,11
2013-11-09,Saturday,d 1016,,2013,11
2013-11-10,Sunday,d 1017,,2013,11
2013-11-11,Monday,d 1018,,2013,11
2013-11-12,Tuesday,d 1019,,2013,11
2013-11-13,Wednesday,d 1020,,2013,11
2013-11-14,Thursday,d 1021,,2013,11
2013-11-15,Friday,d 1022,,2013,11
2013-11-16,Saturday,d 1023,,2013,11
2013-11-17,Sunday,d 1024,,2013,11
2013-11-18,Monday,d 1025,,2013,11
2013-11-19,Tuesday,d 1026,,2013,11
2013-11-20,Wednesday,d 1027,,2013,11
2013-11-21,Thursday,d 1028,,2013,11
2013-11-22,Friday,d 1029,,2013,11
2013-11-23,Saturday,d 1030,,2013,11
2013-11-24,Sunday,d 1031,,2013,11
2013-11-25,Monday,d 1032,,2013,11
2013-11-26,Tuesday,d 1033,,2013,11
2013-11-27,Wednesday,d 1034,,2013,11
2013-11-28,Thursday,d 1035,Thanksgiving,2013,11
2013-11-29,Friday,d 1036,,2013,11
2013-11-30,Saturday,d 1037,,2013,11
2013-12-01,Sunday,d 1038,,2013,12
2013-12-02,Monday,d 1039,,2013,12
2013-12-03,Tuesday,d 1040,,2013,12
2013-12-04,Wednesday,d 1041,,2013,12
2013-12-05,Thursday,d 1042,,2013,12
2013-12-06,Friday,d 1043,,2013,12
2013-12-07,Saturday,d 1044,,2013,12
2013-12-08,Sunday,d 1045,,2013,12
2013-12-09,Monday,d 1046,,2013,12
2013-12-10,Tuesday,d 1047,,2013,12
2013-12-11,Wednesday,d 1048,,2013,12
2013-12-12,Thursday,d 1049,,2013,12
2013-12-13,Friday,d 1050,,2013,12
2013-12-14,Saturday,d 1051,,2013,12
2013-12-15,Sunday,d 1052,,2013,12
2013-12-16,Monday,d 1053,,2013,12
2013-12-17,Tuesday,d 1054,,2013,12
2013-12-18,Wednesday,d 1055,,2013,12
2013-12-19,Thursday,d 1056,,2013,12
2013-12-20,Friday,d 1057,,2013,12
2013-12-21,Saturday,d 1058,,2013,12
2013-12-22,Sunday,d 1059,,2013,12
2013-12-23,Monday,d 1060,,2013,12
2013-12-24,Tuesday,d 1061,,2013,12
2013-12-25,Wednesday,d 1062,Christmas,2013,12
2013-12-26,Thursday,d 1063,,2013,12
2013-12-27,Friday,d 1064,,2013,12
2013-12-28,Saturday,d 1065,,2013,12
2013-12-29,Sunday,d 1066,,2013,12
2013-12-30,Monday,d 1067,,2013,12
2013-12-31,Tuesday,d 1068,,2013,12
2014-01-01,Wednesday,d 1069,NewYear,2014,1
2014-01-02,Thursday,d 1070,,2014,1
2014-01-03,Friday,d 1071,,2014,1
2014-01-04,Saturday,d 1072,,2014,1
2014-01-05,Sunday,d 1073,,2014,1
2014-01-06,Monday,d 1074,,2014,1
2014-01-07,Tuesday,d 1075,,2014,1
2014-01-08,Wednesday,d 1076,,2014,1
2014-01-09,Thursday,d 1077,,2014,1
2014-01-10,Friday,d 1078,,2014,1
2014-01-11,Saturday,d 1079,,2014,1
2014-01-12,Sunday,d 1080,,2014,1
2014-01-13,Monday,d 1081,,2014,1
2014-01-14,Tuesday,d 1082,,2014,1
2014-01-15,Wednesday,d 1083,,2014,1
2014-01-16,Thursday,d 1084,,2014,1
2014-01-17,Friday,d 1085,,2014,1
2014-01-18,Saturday,d 1086,,2014,1
2014-01-19,Sunday,d 1087,,2014,1
2014-01-20,Monday,d 1088,,2014,1
2014-01-21,Tuesday,d 1089,,2014,1
2014-01-22,Wednesday,d 1090,,2014,1
2014-01-23,Thursday,d 1091,,2014,1
2014-01-24,Friday,d 1092,,2014,1
2014-01-25,Saturday,d 1093,,2014,1
2014-01-26,Sunday,d 1094,,2014,1
2014-01-27,Monday,d 1095,,2014,1
2014-01-28,Tuesday,d 1096,,2014,1
2014-01-29,Wednesday,d 1097,,2014,1
2014-01-30,Thursday,d 1098,,2014,1
2014-01-31,Friday,d 1099,,2014,1
2014-02-01,Saturday,d 1100,,2014,2
2014-02-02,Sunday,d 1101,SuperBowl,2014,2
2014-02-03,Monday,d 1102,,2014,2
2014-02-04,Tuesday,d 1103,,2014,2
2014-02-05,Wednesday,d 1104,,2014,2
2014-02-06,Thursday,d 1105,,2014,2
2014-02-07,Friday,d 1106,,2014,2
2014-02-08,Saturday,d 1107,,2014,2
2014-02-09,Sunday,d 1108,,2014,2
2014-02-10,Monday,d 1109,,2014,2
2014-02-11,Tuesday,d 1110,,2014,2
2014-02-12,Wednesday,d 1111,,2014,2
2014-02-13,Thursday,d 1112,,2014,2
2014-02-14,Friday,d 1113,,2014,2
2014-02-15,Saturday,d 1114,,2014,2
2014-02-16,Sunday,d 1115,,2014,2
2014-02-17,Monday,d 1116,,2014,2
2014-02-18,Tuesday,d 1117,,2014,2
2014-02-19,Wednesday,d 1118,,2014,2
2014-02-20,Thursday,d 1119,,2014,2
2014-02-21,Friday,d 1120,,2014,2
2014-02-22,Saturday,d 1121,,2014,2
2014-02-23,Sunday,d 1122,,2014,2
2014-02-24,Monday,d 1123,,2014,2
2014-02-25,Tuesday,d 1124,,2014,2
2014-02-26,Wednesday,d 1125,,2014,2
2014-02-27,Thursday,d 1126,,2014,2
2014-02-28,Friday,d 1127,,2014,2
2014-03-01,Saturday,d 1128,,2014,3
2014-03-02,Sunday,d 1129,,2014,3
2014-03-03,Monday,d 1130,,2014,3
2014-03-04,Tuesday,d 1131,,2014,3
2014-03-05,Wednesday,d 1132,,2014,3
2014-03-06,Thursday,d 1133,,2014,3
2014-03-07,Friday,d 1134,,2014,3
2014-03-08,Saturday,d 1135,,2014,3
2014-03-09,Sunday,d 1136,,2014,3
2014-03-10,Monday,d 1137,,2014,3
2014-03-11,Tuesday,d 1138,,2014,3
2014-03-12,Wednesday,d 1139,,2014,3
2014-03-13,Thursday,d 1140,,2014,3
2014-03-14,Friday,d 1141,,2014,3
2014-03-15,Saturday,d 1142,,2014,3
2014-03-16,Sunday,d 1143,,2014,3
2014-03-17,Monday,d 1144,,2014,3
2014-03-18,Tuesday,d 1145,,2014,3
2014-03-19,Wednesday,d 1146,,2014,3
2014-03-20,Thursday,d 1147,,2014,3
2014-03-21,Friday,d 1148,,2014,3
2014-03-22,Saturday,d 1149,,2014,3
2014-03-23,Sunday,d 1150,,2014,3
2014-03-24,Monday,d 1151,,2014,3
2014-03-25,Tuesday,d 1152,,2014,3
2014-03-26,Wednesday,d 1153,,2014,3
2014-03-27,Thursday,d 1154,,2014,3
2014-03-28,Friday,d 1155,,2014,3
2014-03-29,Saturday,d 1156,,2014,3
2014-03-30,Sunday,d 1157,,2014,3
2014-03-31,Monday,d 1158,,2014,3
2014-04-01,Tuesday,d 1159,,2014,4
2014-04-02,Wednesday,d 1160,,2014,4
2014-04-03,Thursday,d 1161,,2014,4
2014-04-04,Friday,d 1162,,2014,4
2014-04-05,Saturday,d 1163,,2014,4
2014-04-06,Sunday,d 1164,,2014,4
2014-04-07,Monday,d 1165,,2014,4
2014-04-08,Tuesday,d 1166,,2014,4
2014-04-09,Wednesday,d 1167,,2014,4
2014-04-10,Thursday,d 1168,,2014,4
2014-04-11,Friday,d 1169,,2014,4
2014-04-12,Saturday,d 1170,,2014,4
2014-04-13,Sunday,d 1171,,2014,4
2014-04-14,Monday,d 1172,,2014,4
2014-04-15,Tuesday,d 1173,,2014,4
2014-04-16,Wednesday,d 1174,,2014,4
2014-04-17,Thursday,d 1175,,2014,4
2014-04-18,Friday,d 1176,,2014,4
2014-04-19,Saturday,d 1177,,2014,4
2014-04-20,Sunday,d 1178,Easter,2014,4
2014-04-21,Monday,d 1179,,2014,4
2014-04-22,Tuesday,d 1180,,2014,4
2014-04-23,Wednesday,d 1181,,2014,4
2014-04-24,Thursday,d 1182,,2014,4
2014-04-25,Friday,d 1183,,2014,4
2014-04-26,Saturday,d 1184,,2014,4
2014-04-27,Sunday,d 1185,,2014,4
2014-04-28,Monday,d 1186,,2014,4
2014-04-29,Tuesday,d 1187,,2014,4
2014-04-30,Wednesday,d 1188,,2014,4
2014-05-01,Thursday,d 1189,,2014,5
2014-05-02,Friday,d 1190,,2014,5
2014-05-03,Saturday,d 1191,,2014,5
2014-05-04,Sunday,d 1192,,2014,5
2014-05-05,Monday,d 1193,,2014,5
2014-05-06,Tuesday,d 1194,,2014,5
2014-05-07,Wednesday,d 1195,,2014,5
2014-05-08,Thursday,d 1196,,2014,5
2014-05-09,Friday,d 1197,,2014,5
2014-05-10,Saturday,d 1198,,2014,5
2014-05-11,Sunday,d 1199,,2014,5
2014-05-12,Monday,d 1200,,2014,5
2014-05-13,Tuesday,d 1201,,2014,5
2014-05-14,Wednesday,d 1202,,2014,5
2014-05-15,Thursday,d 1203,,2014,5
2014-05-16,Friday,d 1204,,2014,5
2014-05-17,Saturday,d 1205,,2014,5
2014-05-18,Sunday,d 1206,,2014,5
2014-05-19,Monday,d 1207,,2014,5
2014-05-20,Tuesday,d 1208,,2014,5
2014-05-21,Wednesday,d 1209,,2014,5
2014-05-22,Thursday,d 1210,,2014,5
2014-05-23,Friday,d 1211,,2014,5
2014-05-24,Saturday,d 1212,,2014,5
2014-05-25,Sunday,d 1213,,2014,5
2014-05-26,Monday,d 1214,,2014,5
2014-05-27,Tuesday,d 1215,,2014,5
2014-05-28,Wednesday,d 1216,,2014,5
2014-05-29,Thursday,d 1217,,2014,5
2014-05-30,Friday,d 1218,,2014,5
2014-05-31,Saturday,d 1219,,2014,5
2014-06-01,Sunday,d 1220,,2014,6
2014-06-02,Monday,d 1221,,2014,6
2014-06-03,Tuesday,d 1222,,2014,6
2014-06-04,Wednesday,d 1223,,2014,6
2014-06-05,Thursday,d 1224,,2014,6
2014-06-06,Friday,d 1225,,2014,6
2014-06-07,Saturday,d 1226,,2014,6
2014-06-08,Sunday,d 1227,,2014,6
2014-06-09,Monday,d 1228,,2014,6
2014-06-10,Tuesday,d 1229,,2014,6
2014-06-11,Wednesday,d 1230,,2014,6
2014-06-12,Thursday,d 1231,,2014,6
2014-06-13,Friday,d 1232,,2014,6
2014-06-14,Saturday,d 1233,,2014,6
2014-06-15,Sunday,d 1234,,2014,6
2014-06-16,Monday,d 1235,,2014,6
2014-06-17,Tuesday,d 1236,,2014,6
2014-06-18,Wednesday,d 1237,,2014,6
2014-06-19,Thursday,d 1238,,2014,6
2014-06-20,Friday,d 1239,,2014,6
2014-06-21,Saturday,d 1240,,2014,6
2014-06-22,Sunday,d 1241,,2014,6
2014-06-23,Monday,d 1242,,2014,6
2014-06-24,Tuesday,d 1243,,2014,6
2014-06-25,Wednesday,d 1244,,2014,6
2014-06-26,Thursday,d 1245,,2014,6
2014-06-27,Friday,d 1246,,2014,6
2014-06-28,Saturday,d 1247,,2014,6
2014-06-29,Sunday,d 1248,Ramadan starts,2014,6
2014-06-30,Monday,d 1249,,2014,6
2014-07-01,Tuesday,d 1250,,2014,7
2014-07-02,Wednesday,d 1251,,2014,7
2014-07-03,Thursday,d 1252,,2014,7
2014-07-04,Friday,d 1253,,2014,7
2014-07-05,Saturday,d 1254,,2014,7
2014-07-06,Sunday,d 1255,,2014,7
2014-07-07,Monday,d 1256,,2014,7
2014-07-08,Tuesday,d 1257,,2014,7
2014-07-09,Wednesday,d 1258,,2014,7
2014-07-10,Thursday,d 1259,,2014,7
2014-07-11,Friday,d 1260,,2014,7
2014-07-12,Saturday,d 1261,,2014,7
2014-07-13,Sunday,d 1262,,2014,7
2014-07-14,Monday,d 1263,,2014,7
2014-07-15,Tuesday,d 1264,,2014,7
2014-07-16,Wednesday,d 1265,,2014,7
2014-07-17,Thursday,d 1266,,2014,7
2014-07-18,Friday,d 1267,,2014,7
2014-07-19,Saturday,d 1268,,2014,7
2014-07-20,Sunday,d 1269,,2014,7
2014-07-21,Monday,d 1270,,2014,7
2014-07-22,Tuesday,d 1271,,2014,7
2014-07-23,Wednesday,d 1272,,2014,7
2014-07-24,Thursday,d 1273,,2014,7
2014-07-25,Friday,d 1274,,2014,7
2014-07-26,Saturday,d 1275,,2014,7
2014-07-27,Sunday,d 1276,,2014,7
2014-07-28,Monday,d 1277,,2014,7
2014-07-29,Tuesday,d 1278,,2014,7
2014-07-30,Wednesday,d 1279,,2014,7
2014-07-31,Thursday,d 1280,,2014,7
2014-08-01,Friday,d 1281,,2014,8
2014-08-02,Saturday,d 1282,,2014,8
2014-08-03,Sunday,d 1283,,2014,8
2014-08-04,Monday,d 1284,,2014,8
2014-08-05,Tuesday,d 1285,,2014,8
2014-08-06,Wednesday,d 1286,,2014,8
2014-08-07,Thursday,d 1287,,2014,8
2014-08-08,Friday,d 1288,,2014,8
2014-08-09,Saturday,d 1289,,2014,8
2014-08-10,Sunday,d 1290,,2014,8
2014-08-11,Monday,d 1291,,2014,8
2014-08-12,Tuesday,d 1292,,2014,8
2014-08-13,Wednesday,d 1293,,2014,8
2014-08-14,Thursday,d 1294,,2014,8
2014-08-15,Friday,d 1295,,2014,8
2014-08-16,Saturday,d 1296,,2014,8
2014-08-17,Sunday,d 1297,,2014,8
2014-08-18,Monday,d 1298,,2014,8
2014-08-19,Tuesday,d 1299,,2014,8
2014-08-20,Wednesday,d 1300,,2014,8
2014-08-21,Thursday,d 1301,,2014,8
2014-08-22,Friday,d 1302,,2014,8
2014-08-23,Saturday,d 1303,,2014,8
2014-08-24,Sunday,d 1304,,2014,8
2014-08-25,Monday,d 1305,,2014,8
2014-08-26,Tuesday,d 1306,,2014,8
2014-08-27,Wednesday,d 1307,,2014,8
2014-08-28,Thursday,d 1308,,2014,8
2014-08-29,Friday,d 1309,,2014,8
2014-08-30,Saturday,d 1310,,2014,8
2014-08-31,Sunday,d 1311,,2014,8
2014-09-01,Monday,d 1312,,2014,9
2014-09-02,Tuesday,d 1313,,2014,9
2014-09-03,Wednesday,d 1314,,2014,9
2014-09-04,Thursday,d 1315,,2014,9
2014-09-05,Friday,d 1316,,2014,9
2014-09-06,Saturday,d 1317,,2014,9
2014-09-07,Sunday,d 1318,,2014,9
2014-09-08,Monday,d 1319,,2014,9
2014-09-09,Tuesday,d 1320,,2014,9
2014-09-10,Wednesday,d 1321,,2014,9
2014-09-11,Thursday,d 1322,,2014,9
2014-09-12,Friday,d 1323,,2014,9
2014-09-13,Saturday,d 1324,,2014,9
2014-09-14,Sunday,d 1325,,2014,9
2014-09-15,Monday,d 1326,,2014,9
2014-09-16,Tuesday,d 1327,,2014,9
2014-09-17,Wednesday,d 1328,,2014,9
2014-09-18,Thursday,d 1329,,2014,9
2014-09-19,Friday,d 1330,,2014,9
2014-09-20,Saturday,d 1331,,2014,9
2014-09-21,Sunday,d 1332,,2014,9
2014-09-22,Monday,d 1333,,2014,9
2014-09-23,Tuesday,d 1334,,2014,9
2014-09-24,Wednesday,d 1335,,2014,9
2014-09-25,Thursday,d 1336,,2014,9
2014-09-26,Friday,d 1337,,2014,9
2014-09-27,Saturday,d 1338,,2014,9
2014-09-28,Sunday,d 1339,,2014,9
2014-09-29,Monday,d 1340,,2014,9
2014-09-30,Tuesday,d 1341,,2014,9
2014-10-01,Wednesday,d 1342,,2014,10
2014-10-02,Thursday,d 1343,,2014,10
2014-10-03,Friday,d 1344,,2014,10
2014-10-04,Saturday,d 1345,,2014,10
2014-10-05,Sunday,d 1346,,2014,10
2014-10-06,Monday,d 1347,,2014,10
2014-10-07,Tuesday,d 1348,,2014,10
2014-10-08,Wednesday,d 1349,,2014,10
2014-10-09,Thursday,d 1350,,2014,10
2014-10-10,Friday,d 1351,,2014,10
2014-10-11,Saturday,d 1352,,2014,10
2014-10-12,Sunday,d 1353,,2014,10
2014-10-13,Monday,d 1354,,2014,10
2014-10-14,Tuesday,d 1355,,2014,10
2014-10-15,Wednesday,d 1356,,2014,10
2014-10-16,Thursday,d 1357,,2014,10
2014-10-17,Friday,d 1358,,2014,10
2014-10-18,Saturday,d 1359,,2014,10
2014-10-19,Sunday,d 1360,,2014,10
2014-10-20,Monday,d 1361,,2014,10
2014-10-21,Tuesday,d 1362,,2014,10
2014-10-22,Wednesday,d 1363,,2014,10
2014-10-23,Thursday,d 1364,,2014,10
2014-10-24,Friday,d 1365,,2014,10
2014-10-25,Saturday,d 1366,,2014,10
2014-10-26,Sunday,d 1367,,2014,10
2014-10-27,Monday,d 1368,,2014,10
2014-10-28,Tuesday,d 1369,,2014,10
2014-10-29,Wednesday,d 1370,,2014,10
2014-10-30,Thursday,d 1371,,2014,10
2014-10-31,Friday,d 1372,,2014,10
2014-11-01,Saturday,d 1373,,2014,11
2014-11-02,Sunday,d 1374,,2014,11
2014-11-03,Monday,d 1375,,2014,11
2014-11-04,Tuesday,d 1376,,2014,11
2014-11-05,Wednesday,d 1377,,2014,11
2014-11-06,Thursday,d 1378,,2014,11
2014-11-07,Friday,d 1379,,2014,11
2014-11-08,Saturday,d 1380,,2014,11
2014-11-09,Sunday,d 1381,,2014,11
2014-11-10,Monday,d 1382,,2014,11
2014-11-11,Tuesday,d 1383,,2014,11
2014-11-12,Wednesday,d 1384,,2014,11
2014-11-13,Thursday,d 1385,,2014,11
2014-11-14,Friday,d 1386,,2014,11
2014-11-15,Saturday,d 1387,,2014,11
2014-11-16,Sunday,d 1388,,2014,11
2014-11-17,Monday,d 1389,,2014,11
2014-11-18,Tuesday,d 1390,,2014,11
2014-11-19,Wednesday,d 1391,,2014,11
2014-11-20,Thursday,d 1392,,2014,11
2014-11-21,Friday,d 1393,,2014,11
2014-11-22,Saturday,d 1394,,2014,11
2014-11-23,Sunday,d 1395,,2014,11
2014-11-24,Monday,d 1396,,2014,11
2014-11-25,Tuesday,d 1397,,2014,11
2014-11-26,Wednesday,d 1398,,2014,11
2014-11-27,Thursday,d 1399,Thanksgiving,2014,11
2014-11-28,Friday,d 1400,,2014,11
2014-11-29,Saturday,d 1401,,2014,11
2014-11-30,Sunday,d 1402,,2014,11
2014-12-01,Monday,d 1403,,2014,12
2014-12-02,Tuesday,d 1404,,2014,12
2014-12-03,Wednesday,d 1405,,2014,12
2014-12-04,Thursday,d 1406,,2014,12
2014-12-05,Friday,d 1407,,2014,12
2014-12-06,Saturday,d 1408,,2014,12
2014-12-07,Sunday,d 1409,,2014,12
2014-12-08,Monday,d 1410,,2014,12
2014-12-09,Tuesday,d 1411,,2014,12
2014-12-10,Wednesday,d 1412,,2014,12
2014-12-11,Thursday,d 1413,,2014,12
2014-12-12,Friday,d 1414,,2014,12
2014-12-13,Saturday,d 1415,,2014,12
2014-12-14,Sunday,d 1416,,2014,12
2014-12-15,Monday,d 1417,,2014,12
2014-12-16,Tuesday,d 1418,,2014,12
2014-12-17,Wednesday,d 1419,,2014,12
2014-12-18,Thursday,d 1420,,2014,12
2014-12-19,Friday,d 1421,,2014,12
2014-12-20,Saturday,d 1422,,2014,12
2014-12-21,Sunday,d 1423,,2014,12
2014-12-22,Monday,d 1424,,2014,12
2014-12-23,Tuesday,d 1425,,2014,12
2014-12-24,Wednesday,d 1426,,2014,12
2014-12-25,Thursday,d 1427,Christmas,2014,12
2014-12-26,Friday,d 1428,,2014,12
2014-12-27,Saturday,d 1429,,2014,12
2014-12-28,Sunday,d 1430,,2014,12
2014-12-29,Monday,d 1431,,2014,12
2014-12-30,Tuesday,d 1432,,2014,12
2014-12-31,Wednesday,d 1433,,2014,12
2015-01-01,Thursday,d 1434,NewYear,2015,1
2015-01-02,Friday,d 1435,,2015,1
2015-01-03,Saturday,d 1436,,2015,1
2015-01-04,Sunday,d 1437,,2015,1
2015-01-05,Monday,d 1438,,2015,1
2015-01-06,Tuesday,d 1439,,2015,1
2015-01-07,Wednesday,d 1440,,2015,1
2015-01-08,Thursday,d 1441,,2015,1
2015-01-09,Friday,d 1442,,2015,1
2015-01-10,Saturday,d 1443,,2015,1
2015-01-11,Sunday,d 1444,,2015,1
2015-01-12,Monday,d 1445,,2015,1
2015-01-13,Tuesday,d 1446,,2015,1
2015-01-14,Wednesday,d 1447,,2015,1
2015-01-15,Thursday,d 1448,,2015,1
2015-01-16,Friday,d 1449,,2015,1
2015-01-17,Saturday,d 1450,,2015,1
2015-01-18,Sunday,d 1451,,2015,1
2015-01-19,Monday,d 1452,,2015,1
2015-01-20,Tuesday,d 1453,,2015,1
2015-01-21,Wednesday,d 1454,,2015,1
2015-01-22,Thursday,d 1455,,2015,1
2015-01-23,Friday,d 1456,,2015,1
2015-01-24,Saturday,d 1457,,2015,1
2015-01-25,Sunday,d 1458,,2015,1
2015-01-26,Monday,d 1459,,2015,1
2015-01-27,Tuesday,d 1460,,2015,1
2015-01-28,Wednesday,d 1461,,2015,1
2015-01-29,Thursday,d 1462,,2015,1
2015-01-30,Friday,d 1463,,2015,1
2015-01-31,Saturday,d 1464,,2015,1
2015-02-01,Sunday,d 1465,SuperBowl,2015,2
2015-02-02,Monday,d 1466,,2015,2
2015-02-03,Tuesday,d 1467,,2015,2
2015-02-04,Wednesday,d 1468,,2015,2
2015-02-05,Thursday,d 1469,,2015,2
2015-02-06,Friday,d 1470,,2015,2
2015-02-07,Saturday,d 1471,,2015,2
2015-02-08,Sunday,d 1472,,2015,2
2015-02-09,Monday,d 1473,,2015,2
2015-02-10,Tuesday,d 1474,,2015,2
2015-02-11,Wednesday,d 1475,,2015,2
2015-02-12,Thursday,d 1476,,2015,2
2015-02-13,Friday,d 1477,,2015,2
2015-02-14,Saturday,d 1478,,2015,2
2015-02-15,Sunday,d 1479,,2015,2
2015-02-16,Monday,d 1480,,2015,2
2015-02-17,Tuesday,d 1481,,2015,2
2015-02-18,Wednesday,d 1482,,2015,2
2015-02-19,Thursday,d 1483,,2015,2
2015-02-20,Friday,d 1484,,2015,2
2015-02-21,Saturday,d 1485,,2015,2
2015-02-22,Sunday,d 1486,,2015,2
2015-02-23,Monday,d 1487,,2015,2
2015-02-24,Tuesday,d 1488,,2015,2
2015-02-25,Wednesday,d 1489,,2015,2
2015-02-26,Thursday,d 1490,,2015,2
2015-02-27,Friday,d 1491,,2015,2
2015-02-28,Saturday,d 1492,,2015,2
2015-03-01,Sunday,d 1493,,2015,3
2015-03-02,Monday,d 1494,,2015,3
2015-03-03,Tuesday,d 1495,,2015,3
2015-03-04,Wednesday,d 1496,,2015,3
2015-03-05,Thursday,d 1497,,2015,3
2015-03-06,Friday,d 1498,,2015,3
2015-03-07,Saturday,d 1499,,2015,3
2015-03-08,Sunday,d 1500,,2015,3
2015-03-09,Monday,d 1501,,2015,3
2015-03-10,Tuesday,d 1502,,2015,3
2015-03-11,Wednesday,d 1503,,2015,3
2015-03-12,Thursday,d 1504,,2015,3
2015-03-13,Friday,d 1505,,2015,3
2015-03-14,Saturday,d 1506,,2015,3
2015-03-15,Sunday,d 1507,,2015,3
2015-03-16,Monday,d 1508,,2015,3
2015-03-17,Tuesday,d 1509,,2015,3
2015-03-18,Wednesday,d 1510,,2015,3
2015-03-19,Thursday,d 1511,,2015,3
2015-03-20,Friday,d 1512,,2015,3
2015-03-21,Saturday,d 1513,,2015,3
2015-03-22,Sunday,d 1514,,2015,3
2015-03-23,Monday,d 1515,,2015,3
2015-03-24,Tuesday,d 1516,,2015,3
2015-03-25,Wednesday,d 1517,,2015,3
2015-03-26,Thursday,d 1518,,2015,3
2015-03-27,Friday,d 1519,,2015,3
2015-03-28,Saturday,d 1520,,2015,3
2015-03-29,Sunday,d 1521,,2015,3
2015-03-30,Monday,d 1522,,2015,3
2015-03-31,Tuesday,d 1523,,2015,3
2015-04-01,Wednesday,d 1524,,2015,4
2015-04-02,Thursday,d 1525,,2015,4
2015-04-03,Friday,d 1526,,2015,4
2015-04-04,Saturday,d 1527,,2015,4
2015-04-05,Sunday,d 1528,Easter,2015,4
2015-04-06,Monday,d 1529,,2015,4
2015-04-07,Tuesday,d 1530,,2015,4
2015-04-08,Wednesday,d 1531,,2015,4
2015-04-09,Thursday,d 1532,,2015,4
2015-04-10,Friday,d 1533,,2015,4
2015-04-11,Saturday,d 1534,,2015,4
2015-04-12,Sunday,d 1535,,2015,4
2015-04-13,Monday,d 1536,,2015,4
2015-04-14,Tuesday,d 1537,,2015,4
2015-04-15,Wednesday,d 1538,,2015,4
2015-04-16,Thursday,d 1539,,2015,4
2015-04-17,Friday,d 1540,,2015,4
2015-04-18,Saturday,d 1541,,2015,4
2015-04-19,Sunday,d 1542,,2015,4
2015-04-20,Monday,d 1543,,2015,4
2015-04-21,Tuesday,d 1544,,2015,4
2015-04-22,Wednesday,d 1545,,2015,4
2015-04-23,Thursday,d 1546,,2015,4
2015-04-24,Friday,d 1547,,2015,4
2015-04-25,Saturday,d 1548,,2015,4
2015-04-26,Sunday,d 1549,,2015,4
2015-04-27,Monday,d 1550,,2015,4
2015-04-28,Tuesday,d 1551,,2015,4
2015-04-29,Wednesday,d 1552,,2015,4
2015-04-30,Thursday,d 1553,,2015,4
2015-05-01,Friday,d 1554,,2015,5
2015-05-02,Saturday,d 1555,,2015,5
2015-05-03,Sunday,d 1556,,2015,5
2015-05-04,Monday,d 1557,,2015,5
2015-05-05,Tuesday,d 1558,,2015,5
2015-05-06,Wednesday,d 1559,,2015,5
2015-05-07,Thursday,d 1560,,2015,5
2015-05-08,Friday,d 1561,,2015,5
2015-05-09,Saturday,d 1562,,2015,5
2015-05-10,Sunday,d 1563,,2015,5
2015-05-11,Monday,d 1564,,2015,5
2015-05-12,Tuesday,d 1565,,2015,5
2015-05-13,Wednesday,d 1566,,2015,5
2015-05-14,Thursday,d 1567,,2015,5
2015-05-15,Friday,d 1568,,2015,5
2015-05-16,Saturday,d 1569,,2015,5
2015-05-17,Sunday,d 1570,,2015,5
2015-05-18,Monday,d 1571,,2015,5
2015-05-19,Tuesday,d 1572,,2015,5
2015-05-20,Wednesday,d 1573,,2015,5
2015-05-21,Thursday,d 1574,,2015,5
2015-05-22,Friday,d 1575,,2015,5
2015-05-23,Saturday,d 1576,,2015,5
2015-05-24,Sunday,d 1577,,2015,5
2015-05-25,Monday,d 1578,,2015,5
2015-05-26,Tuesday,d 1579,,2015,5
2015-05-27,Wednesday,d 1580,,2015,5
2015-05-28,Thursday,d 1581,,2015,5
2015-05-29,Friday,d 1582,,2015,5
2015-05-30,Saturday,d 1583,,2015,5
2015-05-31,Sunday,d 1584,,2015,5
2015-06-01,Monday,d 1585,,2015,6
2015-06-02,Tuesday,d 1586,,2015,6
2015-06-03,Wednesday,d 1587,,2015,6
2015-06-04,Thursday,d 1588,,2015,6
2015-06-05,Friday,d 1589,,2015,6
2015-06-06,Saturday,d 1590,,2015,6
2015-06-07,Sunday,d 1591,,2015,6
2015-06-08,Monday,d 1592,,2015,6
2015-06-09,Tuesday,d 1593,,2015,6
2015-06-10,Wednesday,d 1594,,2015,6
2015-06-11,Thursday,d 1595,,2015,6
2015-06-12,Friday,d 1596,,2015,6
2015-06-13,Saturday,d 1597,,2015,6
2015-06-14,Sunday,d 1598,,2015,6
2015-06-15,Monday,d 1599,,2015,6
2015-06-16,Tuesday,d 1600,,2015,6
2015-06-17,Wednesday,d 1601,,2015,6
2015-06-18,Thursday,d 1602,Ramadan starts,2015,6
2015-06-19,Friday,d 1603,,2015,6
2015-06-20,Saturday,d 1604,,2015,6
2015-06-21,Sunday,d 1605,,2015,6
2015-06-22,Monday,d 1606,,2015,6
2015-06-23,Tuesday,d 1607,,2015,6
2015-06-24,Wednesday,d 1608,,2015,6
2015-06-25,Thursday,d 1609,,2015,6
2015-06-26,Friday,d 1610,,2015,6
2015-06-27,Saturday,d 1611,,2015,6
2015-06-28,Sunday,d 1612,,2015,6
2015-06-29,Monday,d 1613,,2015,6
2015-06-30,Tuesday,d 1614,,2015,6
2015-07-01,Wednesday,d 1615,,2015,7
2015-07-02,Thursday,d 1616,,2015,7
2015-07-03,Friday,d 1617,,2015,7
2015-07-04,Saturday,d 1618,,2015,7
2015-07-05,Sunday,d 1619,,2015,7
2015-07-06,Monday,d 1620,,2015,7
2015-07-07,Tuesday,d 1621,,2015,7
2015-07-08,Wednesday,d 1622,,2015,7
2015-07-09,Thursday,d 1623,,2015,7
2015-07-10,Friday,d 1624,,2015,7
2015-07-11,Saturday,d 1625,,2015,7
2015-07-12,Sunday,d 1626,,2015,7
2015-07-13,Monday,d 1627,,2015,7
2015-07-14,Tuesday,d 1628,,2015,7
2015-07-15,Wednesday,d 1629,,2015,7
2015-07-16,Thursday,d 1630,,2015,7
2015-07-17,Friday,d 1631,,2015,7
2015-07-18,Saturday,d 1632,,2015,7
2015-07-19,Sunday,d 1633,,2015,7
2015-07-20,Monday,d 1634,,2015,7
2015-07-21,Tuesday,d 1635,,2015,7
2015-07-22,Wednesday,d 1636,,2015,7
2015-07-23,Thursday,d 1637,,2015,7
2015-07-24,Friday,d 1638,,2015,7
2015-07-25,Saturday,d 1639,,2015,7
2015-07-26,Sunday,d 1640,,2015,7
2015-07-27,Monday,d 1641,,2015,7
2015-07-28,Tuesday,d 1642,,2015,7
2015-07-29,Wednesday,d 1643,,2015,7
2015-07-30,Thursday,d 1644,,2015,7
2015-07-31,Friday,d 1645,,2015,7
2015-08-01,Saturday,d 1646,,2015,8
2015-08-02,Sunday,d 1647,,2015,8
2015-08-03,Monday,d 1648,,2015,8
2015-08-04,Tuesday,d 1649,,2015,8
2015-08-05,Wednesday,d 1650,,2015,8
2015-08-06,Thursday,d 1651,,2015,8
2015-08-07,Friday,d 1652,,2015,8
2015-08-08,Saturday,d 1653,,2015,8
2015-08-09,Sunday,d 1654,,2015,8
2015-08-10,Monday,d 1655,,2015,8
2015-08-11,Tuesday,d 1656,,2015,8
2015-08-12,Wednesday,d 1657,,2015,8
2015-08-13,Thursday,d 1658,,2015,8
2015-08-14,Friday,d 1659,,2015,8
2015-08-15,Saturday,d 1660,,2015,8
2015-08-16,Sunday,d 1661,,2015,8
2015-08-17,Monday,d 1662,,2015,8
2015-08-18,Tuesday,d 1663,,2015,8
2015-08-19,Wednesday,d 1664,,2015,8
2015-08-20,Thursday,d 1665,,2015,8
2015-08-21,Friday,d 1666,,2015,8
2015-08-22,Saturday,d 1667,,2015,8
2015-08-23,Sunday,d 1668,,2015,8
2015-08-24,Monday,d 1669,,2015,8
2015-08-25,Tuesday,d 1670,,2015,8
2015-08-26,Wednesday,d 1671,,2015,8
2015-08-27,Thursday,d 1672,,2015,8
2015-08-28,Friday,d 1673,,2015,8
2015-08-29,Saturday,d 1674,,2015,8
2015-08-30,Sunday,d 1675,,2015,8
2015-08-31,Monday,d 1676,,2015,8
2015-09-01,Tuesday,d 1677,,2015,9
2015-09-02,Wednesday,d 1678,,2015,9
2015-09-03,Thursday,d 1679,,2015,9
2015-09-04,Friday,d 1680,,2015,9
2015-09-05,Saturday,d 1681,,2015,9
2015-09-06,Sunday,d 1682,,2015,9
2015-09-07,Monday,d 1683,,2015,9
2015-09-08,Tuesday,d 1684,,2015,9
2015-09-09,Wednesday,d 1685,,2015,9
2015-09-10,Thursday,d 1686,,2015,9
2015-09-11,Friday,d 1687,,2015,9
2015-09-12,Saturday,d 1688,,2015,9
2015-09-13,Sunday,d 1689,,2015,9
2015-09-14,Monday,d 1690,,2015,9
2015-09-15,Tuesday,d 1691,,2015,9
2015-09-16,Wednesday,d 1692,,2015,9
2015-09-17,Thursday,d 1693,,2015,9
2015-09-18,Friday,d 1694,,2015,9
2015-09-19,Saturday,d 1695,,2015,9
2015-09-20,Sunday,d 1696,,2015,9
2015-09-21,Monday,d 1697,,2015,9
2015-09-22,Tuesday,d 1698,,2015,9
2015-09-23,Wednesday,d 1699,,2015,9
2015-09-24,Thursday,d 1700,,2015,9
2015-09-25,Friday,d 1701,,2015,9
2015-09-26,Saturday,d 1702,,2015,9
2015-09-27,Sunday,d 1703,,2015,9
2015-09-28,Monday,d 1704,,2015,9
2015-09-29,Tuesday,d 1705,,2015,9
2015-09-30,Wednesday,d 1706,,2015,9
2015-10-01,Thursday,d 1707,,2015,10
2015-10-02,Friday,d 1708,,2015,10
2015-10-03,Saturday,d 1709,,2015,10
2015-10-04,Sunday,d 1710,,2015,10
2015-10-05,Monday,d 1711,,2015,10
2015-10-06,Tuesday,d 1712,,2015,10
2015-10-07,Wednesday,d 1713,,2015,10
2015-10-08,Thursday,d 1714,,2015,10
2015-10-09,Friday,d 1715,,2015,10
2015-10-10,Saturday,d 1716,,2015,10
2015-10-11,Sunday,d 1717,,2015,10
2015-10-12,Monday,d 1718,,2015,10
2015-10-13,Tuesday,d 1719,,2015,10
2015-10-14,Wednesday,d 1720,,2015,10
2015-10-15,Thursday,d 1721,,2015,10
2015-10-16,Friday,d 1722,,2015,10
2015-10-17,Saturday,d 1723,,2015,10
2015-10-18,Sunday,d 1724,,2015,10
2015-10-19,Monday,d 1725,,2015,10
2015-10-20,Tuesday,d 1726,,2015,10
2015-10-21,Wednesday,d 1727,,2015,10
2015-10-22,Thursday,d 1728,,2015,10
2015-10-23,Friday,d 1729,,2015,10
2015-10-24,Saturday,d 1730,,2015,10
2015-10-25,Sunday,d 1731,,2015,10
2015-10-26,Monday,d 1732,,2015,10
2015-10-27,Tuesday,d 1733,,2015,10
2015-10-28,Wednesday,d 1734,,2015,10
2015-10-29,Thursday,d 1735,,2015,10
2015-10-30,Friday,d 1736,,2015,10
2015-10-31,Saturday,d 1737,,2015,10
2015-11-01,Sunday,d 1738,,2015,11
2015-11-02,Monday,d 1739,,2015,11
2015-11-03,Tuesday,d 1740,,2015,11
2015-11-04,Wednesday,d 1741,,2015,11
2015-11-05,Thursday,d 1742,,2015,11
2015-11-06,Friday,d 1743,,2015,11
2015-11-07,Saturday,d 1744,,2015,11
2015-11-08,Sunday,d 1745,,2015,11
2015-11-09,Monday,d 1746,,2015,11
2015-11-10,Tuesday,d 1747,,2015,11
2015-11-11,Wednesday,d 1748,,2015,11
2015-11-12,Thursday,d 1749,,2015,11
2015-11-13,Friday,d 1750,,2015,11
2015-11-14,Saturday,d 1751,,2015,11
2015-11-15,Sunday,d 1752,,2015,11
2015-11-16,Monday,d 1753,,2015,11
2015-11-17,Tuesday,d 1754,,2015,11
2015-11-18,Wednesday,d 1755,,2015,11
2015-11-19,Thursday,d 1756,,2015,11
2015-11-20,Friday,d 1757,,2015,11
2015-11-21,Saturday,d 1758,,2015,11
2015-11-22,Sunday,d 1759,,2015,11
2015-11-23,Monday,d 1760,,2015,11
2015-11-24,Tuesday,d 1761,,2015,11
2015-11-25,Wednesday,d 1762,,2015,11
2015-11-26,Thursday,d 1763,Thanksgiving,2015,11
2015-11-27,Friday,d 1764,,2015,11
2015-11-28,Saturday,d 1765,,2015,11
2015-11-29,Sunday,d 1766,,2015,11
2015-11-30,Monday,d 1767,,2015,11
2015-12-01,Tuesday,d 1768,,2015,12
2015-12-02,Wednesday,d 1769,,2015,12
2015-12-03,Thursday,d 1770,,2015,12
2015-12-04,Friday,d 1771,,2015,12
2015-12-05,Saturday,d 1772,,2015,12
2015-12-06,Sunday,d 1773,,2015,12
2015-12-07,Monday,d 1774,,2015,12
2015-12-08,Tuesday,d 1775,,2015,12
2015-12-09,Wednesday,d 1776,,2015,12
2015-12-10,Thursday,d 1777,,2015,12
2015-12-11,Friday,d 1778,,2015,12
2015-12-12,Saturday,d 1779,,2015,12
2015-12-13,Sunday,d 1780,,2015,12
2015-12-14,Monday,d 1781,,2015,12
2015-12-15,Tuesday,d 1782,,2015,12
2015-12-16,Wednesday,d 1783,,2015,12
2015-12-17,Thursday,d 1784,,2015,12
2015-12-18,Friday,d 1785,,2015,12
2015-12-19,Saturday,d 1786,,2015,12
2015-12-20,Sunday,d 1787,,2015,12
2015-12-21,Monday,d 1788,,2015,12
2015-12-22,Tuesday,d 1789,,2015,12
2015-12-23,Wednesday,d 1790,,2015,12
2015-12-24,Thursday,d 1791,,2015,12
2015-12-25,Friday,d 1792,Christmas,2015,12
2015-12-26,Saturday,d 1793,,2015,12
2015-12-27,Sunday,d 1794,,2015,12
2015-12-28,Monday,d 1795,,2015,12
2015-12-29,Tuesday,d 1796,,2015,12
2015-12-30,Wednesday,d 1797,,2015,12
2015-12-31,Thursday,d 1798,,2015,12
2016-01-01,Friday,d 1799,NewYear,2016,1
2016-01-02,Saturday,d 1800,,2016,1
2016-01-03,Sunday,d 1801,,2016,1
2016-01-04,Monday,d 1802,,2016,1
2016-01-05,Tuesday,d 1803,,2016,1
2016-01-06,Wednesday,d 1804,,2016,1
2016-01-07,Thursday,d 1805,,2016,1
2016-01-08,Friday,d 1806,,2016,1
2016-01-09,Saturday,d 1807,,2016,1
2016-01-10,Sunday,d 1808,,2016,1
2016-01-11,Monday,d 1809,,2016,1
2016-01-12,Tuesday,d 1810,,2016,1
2016-01-13,Wednesday,d 1811,,2016,1
2016-01-14,Thursday,d 1812,,2016,1
2016-01-15,Friday,d 1813,,2016,1
2016-01-16,Saturday,d 1814,,2016,1
2016-01-17,Sunday,d 1815,,2016,1
2016-01-18,Monday,d 1816,,2016,1
2016-01-19,Tuesday,d 1817,,2016,1
2016-01-20,Wednesday,d 1818,,2016,1
2016-01-21,Thursday,d 1819,,2016,1
2016-01-22,Friday,d 1820,,2016,1
2016-01-23,Saturday,d 1821,,2016,1
2016-01-24,Sunday,d 1822,,2016,1
2016-01-25,Monday,d 1823,,2016,1
2016-01-26,Tuesday,d 1824,,2016,1
2016-01-27,Wednesday,d 1825,,2016,1
2016-01-28,Thursday,d 1826,,2016,1
2016-01-29,Friday,d 1827,,2016,1
2016-01-30,Saturday,d 1828,,2016,1
2016-01-31,Sunday,d 1829,,2016,1
2016-02-01,Monday,d 1830,,2016,2
2016-02-02,Tuesday,d 1831,,2016,2
2016-02-03,Wednesday,d 1832,,2016,2
2016-02-04,Thursday,d 1833,,2016,2
2016-02-05,Friday,d 1834,,2016,2
2016-02-06,Saturday,d 1835,,2016,2
2016-02-07,Sunday,d 1836,SuperBowl,2016,2
2016-02-08,Monday,d 1837,,2016,2
2016-02-09,Tuesday,d 1838,,2016,2
2016-02-10,Wednesday,d 1839,,2016,2
2016-02-11,Thursday,d 1840,,2016,2
2016-02-12,Friday,d 1841,,2016,2
2016-02-13,Saturday,d 1842,,2016,2
2016-02-14,Sunday,d 1843,,2016,2
2016-02-15,Monday,d 1844,,2016,2
2016-02-16,Tuesday,d 1845,,2016,2
2016-02-17,Wednesday,d 1846,,2016,2
2016-02-18,Thursday,d 1847,,2016,2
2016-02-19,Friday,d 1848,,2016,2
2016-02-20,Saturday,d 1849,,2016,2
2016-02-21,Sunday,d 1850,,2016,2
2016-02-22,Monday,d 1851,,2016,2
2016-02-23,Tuesday,d 1852,,2016,2
2016-02-24,Wednesday,d 1853,,2016,2
2016-02-25,Thursday,d 1854,,2016,2
2016-02-26,Friday,d 1855,,2016,2
2016-02-27,Saturday,d 1856,,2016,2
2016-02-28,Sunday,d 1857,,2016,2
2016-02-29,Monday,d 1858,,2016,2
2016-03-01,Tuesday,d 1859,,2016,3
2016-03-02,Wednesday,d 1860,,2016,3
2016-03-03,Thursday,d 1861,,2016,3
2016-03-04,Friday,d 1862,,2016,3
2016-03-05,Saturday,d 1863,,2016,3
2016-03-06,Sunday,d 1864,,2016,3
2016-03-07,Monday,d 1865,,2016,3
2016-03-08,Tuesday,d 1866,,2016,3
2016-03-09,Wednesday,d 1867,,2016,3
2016-03-10,Thursday,d 1868,,2016,3
2016-03-11,Friday,d 1869,,2016,3
2016-03-12,Saturday,d 1870,,2016,3
2016-03-13,Sunday,d 1871,,2016,3
2016-03-14,Monday,d 1872,,2016,3
2016-03-15,Tuesday,d 1873,,2016,3
2016-03-16,Wednesday,d 1874,,2016,3
2016-03-17,Thursday,d 1875,,2016,3
2016-03-18,Friday,d 1876,,2016,3
2016-03-19,Saturday,d 1877,,2016,3
2016-03-20,Sunday,d 1878,,2016,3
2016-03-21,Monday,d 1879,,2016,3
2016-03-22,Tuesday,d 1880,,2016,3
2016-03-23,Wednesday,d 1881,,2016,3
2016-03-24,Thursday,d 1882,,2016,3
2016-03-25,Friday,d 1883,,2016,3
2016-03-26,Saturday,d 1884,,2016,3
2016-03-27,Sunday,d 1885,Easter,2016,3
2016-03-28,Monday,d 1886,,2016,3
2016-03-29,Tuesday,d 1887,,2016,3
2016-03-30,Wednesday,d 1888,,2016,3
2016-03-31,Thursday,d 1889,,2016,3
2016-04-01,Friday,d 1890,,2016,4
2016-04-02,Saturday,d 1891,,2016,4
2016-04-03,Sunday,d 1892,,2016,4
2016-04-04,Monday,d 1893,,2016,4
2016-04-05,Tuesday,d 1894,,2016,4
2016-04-06,Wednesday,d 1895,,2016,4
2016-04-07,Thursday,d 1896,,2016,4
2016-04-08,Friday,d 1897,,2016,4
2016-04-09,Saturday,d 1898,,2016,4
2016-04-10,Sunday,d 1899,,2016,4
2016-04-11,Monday,d 1900,,2016,4
2016-04-12,Tuesday,d 1901,,2016,4
2016-04-13,Wednesday,d 1902,,2016,4
2016-04-14,Thursday,d 1903,,2016,4
2016-04-15,Friday,d 1904,,2016,4
2016-04-16,Saturday,d 1905,,2016,4
2016-04-17,Sunday,d 1906,,2016,4
2016-04-18,Monday,d 1907,,2016,4
2016-04-19,Tuesday,d 1908,,2016,4
2016-04-20,Wednesday,d 1909,,2016,4
2016-04-21,Thursday,d 1910,,2016,4
2016-04-22,Friday,d 1911,,2016,4
2016-04-23,Saturday,d 1912,,2016,4
2016-04-24,Sunday,d 1913,,2016,4
